Date,Time,R_or_D,Before_or_After,screen_name,text,hashtags,Nominate_dim1,race,mentions_terror
7/8/16,15:12:32,D,After,RepTerriSewell,"""We need to turn tragedy into triumph through action."" @RepJeffries #DisarmHate https://t.co/t07fhFMqns",DisarmHate,-0.392,Other,0
7/7/16,22:35:37,D,After,RepTerriSewell,One of the tragic faces of gun violence in our district. I honored her on the house floor. https://t.co/DTWhLwSChu https://t.co/ScDknsXk2k,,-0.392,Black,0
12/3/15,0:10:02,D,After,RepTerriSewell,Praying for #SanBernadino. My heart is with those impacted by this tragedy.,SanBernadino,-0.392,Other,0
6/12/16,17:18:12,D,After,RepRubenGallego,"I am shocked &amp; horrified by news of the tragedy in Orlando. My thoughts &amp; prayers are w/ the victims, their families &amp; the LGBT community.",,-0.457,Other,0
12/3/15,2:12:05,D,After,RepDeSaulnier,How many more tragic incidents have to happen before Congress takes serious action? #SanBernardino https://t.co/sMGEYgihcL,SanBernardino,-0.53,Other,0
4/3/14,14:11:08,D,After,RepJuanVargas,My thoughts and prayers are with all those affected by the tragic  #FortHoodShooting.,FortHoodShooting,-0.394,Latino,0
9/16/13,21:43:24,D,After,RepLowenthal,My deepest condolences go out to the families and friends of the victims of this morning’s tragic shooting at the #DCNavyYard.,DCNavyYard,-0.446,Black,0
12/3/15,18:11:24,D,After,RepMarkTakano,I am heartbroken by the tragedy in San Bernardino. Gun violence cannot be considered the cost of freedom. It is the cost of inaction.,,-0.468,Other,0
6/18/15,11:34:28,D,After,RepMarkTakano,My heart aches for the victims and their families in #Charleston. A horrible tragedy.,Charleston,-0.468,White,0
6/18/15,13:27:21,D,After,CongressmanRuiz,I am deeply saddened to hear of the tragic shooting in #Charleston. My family &amp; I are keeping all those affected in our thoughts &amp; prayers.,Charleston,-0.237,White,0
9/16/13,17:20:03,D,After,CongressmanRuiz,"My thoughts &amp; prayers are w/all affected by the tragedy at Navy Yard in DC – esp victims, their families, &amp; first responders on scene.",,-0.237,Black,0
6/12/16,17:17:03,D,After,JuliaBrownley26,I am heartbroken by the tragedy in Orlando. We must stand against hate and the tools that allow our enemies to violently express it.,,-0.287,Other,0
12/3/15,22:02:38,D,After,JuliaBrownley26,My heart goes out to the victims and families of the two shootings yesterday. We cannot let another tragedy like this happen. We must act.,,-0.287,Other,0
9/16/13,18:42:34,D,After,JuliaBrownley26,Thoughts and prayers are with those impacted by today's tragic #NavyYardShooting. Proud of our brave first responders.,NavyYardShooting,-0.287,Black,0
6/12/16,17:57:38,D,After,RepBera,"My prayers are with the victims, families, and first responders affected by the tragic shooting in Orlando: https://t.co/XzTaeqCwEm",,-0.228,Other,0
7/16/15,23:16:09,D,After,RepSusanDavis,A senseless tragedy in Chattanooga. My thoughts and prayers are with the families of the four Marines killed today.,,-0.343,Other,0
9/16/13,19:26:36,D,After,LorettaSanchez,My thoughts and deepest prayers go out to all of those affected by the horrific tragedy in the #NavyYardShooting,NavyYardShooting,-0.367,Black,0
12/14/12,18:30:06,D,After,LorettaSanchez,"Thoughts and prayers are with the children, school faculty, and their families in CT. America stands with them thru this senseless tragedy.",,-0.367,White,0
7/20/12,15:11:32,D,After,LorettaSanchez,The shooting in Colorado last night was horrifying and I am stunned and saddened to hear of this unnecessary tragedy.,,-0.367,White,0
6/12/16,12:05:50,D,After,RepLindaSanchez,I'm heartbroken by this tragedy. But I know when we confront such evil in the world - love always wins. #lovealwayswins #PrideMonth #orlando,lovealwayswins PrideMonth orlando,-0.508,Other,0
12/14/12,19:46:50,D,After,RepLindaSanchez,"My thoughts and prayers are with the victims of this senseless tragedy in Newtown, CT.",,-0.508,White,0
12/15/12,1:21:10,D,After,gracenapolitano,"Deeply saddened by tragedy in #Newtown this morning. Thoughts and prayers with children, families, and community http://t.co/3NsLFgul",Newtown,-0.447,White,0
12/14/12,19:33:12,D,After,RepMaxineWaters,"My thoughts and prayers are with the victims, their families, &amp; all those affected by the tragedy at Sandy Hook Elem. School in Newtown, CT.",,-0.656,White,0
12/3/15,15:28:30,D,After,BradSherman,"Was on @cspanwj discussing #ISIS, US foreign policy, #SyrianRefugees and the tragedy in #SanBernadino https://t.co/jKov1emAVT",ISIS SyrianRefugees SanBernadino,-0.341,Other,0
12/3/15,13:33:46,D,After,BradSherman,"I am on @cspanwj this morning from 8:20 to 9:00am (5:20 to 6amPT) discussing ISIS, US foreign policy and the tragedy in San Bernardino",,-0.341,Other,0
6/13/16,14:50:02,D,After,RepAdamSchiff,"To all those tweeting me after yet another tragedy: I hear you, I agree with you. Congress must act to pass common-sense gun laws. #NoExcuse",NoExcuse,-0.348,Other,0
6/12/16,16:48:33,D,After,RepAdamSchiff,ICYMI: I spoke with @jaketapper on @CNNSotu this morning about the tragic #Orlando attack: https://t.co/kKcCdV9n5s,Orlando,-0.348,Other,0
7/16/15,22:39:42,D,After,RepAdamSchiff,#ChattanoogaShooting that left four service members murdered &amp; others wounded is terrible tragedy.  Thoughts are w/ victims &amp; their families,ChattanoogaShooting,-0.348,Other,0
6/13/16,19:25:07,D,After,RepLoisCapps,The Orlando shooting is a tragic reminder that our missions for #LGBT equality and to prevent gun violence are far from over. #NotOneMore,LGBT NotOneMore,-0.389,Other,0
6/12/16,16:52:53,D,After,RepLoisCapps,Horrified by the violence in Orlando last night. We stand with the victims of this tragedy and their families.,,-0.389,Other,0
5/24/14,14:17:59,D,After,RepLoisCapps,"We are all grieving over the lives claimed in the senseless tragedy last night in Isla Vista.
https://t.co/Bo4LGstwIj",,-0.389,White,0
7/20/12,15:52:52,D,After,RepLoisCapps,My thoughts and prayers are with the victims of the horrific shooting in Colorado and their families. What a senseless tragedy.#Aurora,Aurora,-0.389,White,0
12/2/15,22:36:36,D,After,RepJimCosta,My thoughts and prayers are with the victims and all those affected by the tragic shooting in San Bernardino.,,-0.187,Other,0
6/18/15,21:24:45,D,After,RepJimCosta,"My thoughts and prayers are with the victims, their families and the #Charleston community. What a senseless tragedy.  #CharlestonShooting",Charleston CharlestonShooting,-0.187,White,0
9/16/13,20:24:31,D,After,RepJimCosta,"Thoughts &amp; prayers to the @USNavy family, victims, &amp; survivors impacted by the #NavyYardShooting. Our hearts are heavy on this tragic day.",NavyYardShooting,-0.187,Black,0
8/5/12,21:31:41,D,After,RepJimCosta,Thoughts and prayers to the people of #Milwaukee. Senseless tragedy today at the Sikh Temple.,Milwaukee,-0.187,White,0
7/20/12,20:06:00,D,After,RepJimCosta,My thoughts and prayers are with the people of #Aurora. Deeply saddened by the terrible tragedy that has taken place.,Aurora,-0.187,White,0
7/20/12,17:35:01,D,After,RepCardoza,"My thoughts and prayers go out to the families and victims of last night's senseless tragedy in Aurora, CO.",,-0.262,White,0
12/14/12,22:44:35,D,After,RepZoeLofgren,"As a parent, I am shocked by the tragedy in Newtown, CT today, and my heartfelt sympathy and thoughts are with the families of the victims.",,-0.401,White,0
9/17/13,16:12:27,D,After,RepMikeHonda,"Families, victims, &amp; first responders to DC Navy Yard are in my thoughts. We need policies that reduce gun violence before next tragedy",,-0.401,Black,0
12/14/12,19:16:00,D,After,RepMikeHonda,Another horrific #gun #tragedy struck our nation today. My prayers are with all those impacted. http://t.co/2luuO5zL #schoolshooting,gun tragedy schoolshooting,-0.401,White,0
8/5/12,21:20:16,D,After,RepMikeHonda,My heart goes out to victims of terrible gun tragedy at the Sikh Temple in #Wisconsin. http://t.co/5MOlDJa0 #templeshooting #guncontrol #p2,Wisconsin templeshooting guncontrol p2,-0.401,White,0
12/14/12,20:54:06,D,After,RepAnnaEshoo,"My sympathies and prayers are w/ the families of the victims in Newtown, CT today. A national response is needed for this national tragedy.",,-0.382,White,0
7/8/16,16:47:46,D,After,RepSpeier,"America has been gutted by tragedy in #Dallas, Louisiana &amp; Minnesota. We can &amp; must do better. #Enough #DisarmHate https://t.co/knYCitAf33",Dallas Enough DisarmHate,-0.383,Black,0
6/13/16,17:09:51,D,After,RepBarbaraLee,Last year I asked @US_FDA to end prejudiced gay blood ban. Tragedy in #Orlando shows danger of this outdated policy. https://t.co/KdGBCxLRJM,Orlando,-0.687,Other,0
10/24/14,22:01:38,D,After,DorisMatsui,Also saying an extra prayer this afternoon for the students and families affected by the tragic shooting at a high school in Washington.,,-0.434,Native American,0
12/14/12,20:02:17,D,After,DorisMatsui,"No words to describe the horror of the tragedy in Newtown, CT. My thoughts &amp; prayers are w. the victims &amp; families affected by this violence",,-0.434,White,0
7/20/12,17:20:52,D,After,DorisMatsui,"My thoughts and prayers are with the victims and the families affected by last night's tragedy in Aurora, Colorado.",,-0.434,White,0
6/12/16,15:16:57,D,After,RepJaredPolis,Tragic. Today we stand in unity with the entire #Orlando community.,Orlando,-0.279,White,0
6/12/16,21:32:43,D,After,RepDianaDeGette,I send my prayers to all affected by the tragedy in #Orlando. We must honor places of refuge for #LGBT. https://t.co/APxa784D4f,Orlando LGBT,-0.432,White,0
7/8/16,17:12:44,D,After,RepJohnLarson,I am heartbroken by the tragedy in Dallas. My full statement below. https://t.co/h0jo22FE45,,-0.4,Black,0
10/24/14,20:35:33,D,After,RepJohnLarson,"Terrible tragedy in Washington – while epidemic of shootings continue, Congress remains complicit in not acting. Americans deserve a vote",,-0.4,Native American,0
12/14/12,18:58:07,D,After,RepJohnLarson,My thoughts &amp; prayers are with families &amp; friends of victims of this tragedy. I know  we will come together to help Newtown in time of need.,,-0.4,White,0
1/8/11,22:41:21,D,After,RepJohnLarson,"My thoughts & prayers are with my colleague & friend, Rep. Giffords, her family, her staff, & other victims of this tragedy.",,-0.4,White,0
8/3/10,13:18:44,D,After,RepJohnLarson,"My prayers to the employees of Hfd Distributors and the Hollander family, in light of this morning's tragedy",,-0.4,Black,0
10/24/14,21:44:04,D,After,RepJoeCourtney,"Condolences to the Marysville, WA community. Terrible and senseless tragedy today.",,-0.344,Native American,0
6/12/16,13:11:32,D,After,rosadelauro,"The Orlando shooting is tragic and heartbreaking. Keeping the victims, their friends &amp; families, and the community in my thoughts &amp; prayers.",,-0.344,Other,0
12/14/12,20:21:19,D,After,JohnCarneyDE,"Like Americans across U.S., I am overwhelmed w sadness &amp; grief. I offer my deepest condolences to families affected by this horrific tragedy",,-0.256,White,0
7/20/12,13:48:07,D,After,JohnCarneyDE,Terribly saddened by horrific news out of CO -- a tragedy no family or community should ever have to endure. Praying for everyone affected.,,-0.256,White,0
6/12/16,15:06:44,D,After,PatrickMurphyFL,I am devastated by the news of the shooting in Orlando. My heart goes out to the victims and all those affected by this horrifying tragedy.,,-0.186,Other,0
11/28/15,19:06:10,D,After,PatrickMurphyFL,Our thoughts and prayers are not enough after yet another tragedy. It is past time for Congress to pass legislation to prevent gun violence.,,-0.186,White,0
12/14/12,18:49:27,D,After,PatrickMurphyFL,My thoughts and prayers are with all those affected by the tragic shooting today in Connecticut.,,-0.186,White,0
7/20/12,18:40:11,D,After,PatrickMurphyFL,My thoughts and prayers today will be with the victims and families of the tragic shooting in Colorado.,,-0.186,White,0
7/8/16,14:17:02,D,After,RepHastingsFL,"Communities in #BatonRouge #Louisiana, #FalconHeights #Minnesota, &amp; #Dallas #Texas have seen tragedy this week. My prayers are with them.",BatonRouge Louisiana FalconHeights Minnesota Dallas Texas,-0.186,Black,0
6/12/16,16:25:20,D,After,GwenGraham,Today let us all stand together to love and support all of those hurt by this tragedy. 6/6,,-0.233,Other,0
6/12/16,19:35:01,D,After,repjohnlewis,How many more times will we allow tragedy to be brought about by gun violence before we say enough is enough?,,-0.589,Other,0
12/14/12,22:06:13,D,After,repjohnlewis,We as a nation and as a people must take a stand against the tragic problem of mass shooting in American schools.,,-0.589,White,0
8/5/12,20:12:28,D,After,repjohnlewis,How many more?  When will it stop? I am deeply saddened by the tragedy in Wisconsin.,,-0.589,White,0
4/3/14,13:57:31,D,After,SanfordBishop,"Southwest and Middle Georgia’s thoughts &amp; prayers are with the victims, families &amp; all those affected by the terrible tragedy at Ft. Hood.",,-0.281,Latino,0
12/14/12,21:02:40,D,After,SanfordBishop,"My heart goes out to the victims of today’s senseless tragedy at Sandy Hook Elementary School in Newtown, CT. Please #PrayforNewtown",PrayforNewtown,-0.281,White,0
12/14/12,19:32:37,D,After,RepBobbyRush,"Today’s shooting in CT is a nat’l tragedy. I encourage everyone to join me in prayer for the victims, their families, friends, &amp; community.",,-0.478,White,0
7/20/12,15:55:40,D,After,RepBobbyRush,"My thoughts &amp; prayers are with the families &amp; survivors of the tragic &amp; senseless shooting in Colorado. ""Violence has NO boundaries...""",,-0.478,White,0
9/16/13,21:19:56,D,After,RepLipinski,Keep all those touched by this tragic event in your thoughts and prayers throughout the day &amp; the difficult days ahead. #NavyYardShooting,NavyYardShooting,-0.233,Black,0
7/17/16,18:06:57,D,After,RepRobinKelly,My thoughts and prayers are with the #BatonRouge law enforcement community as the tragedy there continues to unfold,BatonRouge,-0.454,Latino,0
6/18/15,15:26:12,D,After,RepRobinKelly,My condolences go out to the City of Charleston and the families affected by this horrible tragedy #CharlestonShooting,CharlestonShooting,-0.454,White,0
7/17/15,20:38:19,D,After,RepDannyDavis,Sending my deepest condolences to the families of the Marines we lost in the tragic shooting in Tennessee.,,-0.486,Other,0
12/2/15,23:18:03,D,After,RepBillFoster,The tragic events in #SanBernadino once again remind us that we must take action to stop #GunViolence,SanBernadino GunViolence,-0.223,Other,0
6/18/15,14:34:26,D,After,RepCheri,"My thoughts &amp; prayers are with the victims, families, and all those impacted by the tragedy in Charleston.",,-0.237,White,0
7/8/16,4:28:26,D,After,RepAndreCarson,Terrible tragedy in Dallas. Please pray for everyone involved. Violence is not the answer.,,-0.426,Black,0
6/13/16,22:07:56,D,After,RepAndreCarson,HAPPENING NOW: on @MSNBC talking about the #Orlando tragedy and how we can prevent it from happening again https://t.co/zoYWbA4PTL,Orlando,-0.426,Other,0
6/13/16,13:43:29,D,After,RepAndreCarson,"ICYMI: My statement in response to yesterday's tragic mass shooting in #Orlando. 
https://t.co/gtsfaUePyK",Orlando,-0.426,Other,0
9/16/13,19:54:32,D,After,RepAndreCarson,Our prayers go out to all those affected by the tragedy at the Washington #Navy Yard. Our thanks go out to all first responders.,Navy,-0.426,Black,0
12/14/12,18:46:21,D,After,RepAndreCarson,My thoughts &amp; prayers are with all of the families in Newtown as they face an unthinkable &amp; heart-wrenching tragedy in their community.,,-0.426,White,0
1/9/11,2:15:41,D,After,LeonardBoswell,"Today was a terrible tragedy for ALL Americans. We all pray for Congresswoman Giffords recovery & All others involved, plus their families.",,0.302,White,0
6/12/16,19:34:50,D,After,RepJohnYarmuth,"Saddened by the horrific shooting in Orlando early this morning. My heart breaks for the families, friends and all affected by this tragedy.",,-0.379,Other,0
12/14/12,18:54:42,D,After,RepJohnYarmuth,My thoughts &amp; prayers are with the families &amp; all at Sandy Hook Elementary. I share the outrage of so many at this tragic loss of life.,,-0.379,White,0
6/13/16,12:28:40,D,After,RepRichmond,Shocked &amp; saddened by tragic news coming out of #Orlando We must stand against hatred in all of its forms.,Orlando,-0.476,Other,0
6/18/15,13:16:33,D,After,RepRichmond,Tragic news in #Charleston 9 people worshiping in the House of the Lord brutally taken frm their families #EmanuelAME http://t.co/ta7HrB9jmX,Charleston EmanuelAME,-0.476,White,0
4/3/14,18:30:44,D,After,RepRichmond,My condolences and prayers to the families impacted by the tragedy at #FortHood,FortHood,-0.476,Latino,0
12/14/12,21:10:20,D,After,RepTierney,My deepest sympathy and prayers for those impacted by today’s events in Newtown. This kind of tragedy leaves us all searching for answers.,,-0.488,White,0
7/20/12,20:52:22,D,After,RepTierney,I was saddened to hear of the tragic shooting in Aurora Colorado this morning. My thoughts go out to all of the victims and their families.,,-0.488,White,0
6/13/16,14:19:51,D,After,RepStephenLynch,Speaking with @hillarychabot @JaclynCashman on @HeraldRadio about the tragic shooting in #Orlando https://t.co/7HkfRbE6s2,Orlando,-0.352,Other,0
12/3/15,16:40:27,D,After,USRepKeating,Tevis and I send our deepest sympathies to all the victims and their families of the senseless tragedy in San Bernardino yesterday. 1/4,,-0.329,Other,0
1/9/11,22:19:58,D,After,USRepKeating,"My thoughts and prayers are with Representative Gabrielle Giffords, all the victims of the tragedy, and their families.",,-0.329,White,0
12/2/15,23:12:49,D,After,RepJoeKennedy,Devastated by the tragedy in #SanBernardino. House held moment of silence yesterday for #ColoradoSprings. Time to #EndGunViolence now.,SanBernardino ColoradoSprings EndGunViolence,-0.421,Other,0
10/1/15,21:14:55,D,After,chelliepingree,Another day of heartbreaking tragedy. No family or community should go through this.  My heart goes out to everyone around #UCCShooting,UCCShooting,-0.423,White,0
6/12/16,20:17:33,D,After,RepJohnConyers,"The shooting in Orlando is a terrible tragedy, made even more appalling by the possibility that it was a hate crime against LGBT community.",,-0.658,Other,0
12/2/15,22:23:56,D,After,RepDebDingell,Our hearts go out to #SanBernadino &amp; those impacted by this horrific tragedy. We need to work together to prevent this from happening.,SanBernadino,-0.448,Other,0
10/1/15,20:32:22,D,After,RepDebDingell,We as a nation and as a people must take a stand against the tragic problem of mass shooting in American schools.,UCCShooting,-0.448,White,0
6/18/15,14:30:47,D,After,RepDebDingell,Our hearts are heavy this morning. My thoughts and prayers are with #Charleston and all impacted by this senseless tragedy.,Charleston,-0.448,White,0
6/12/16,15:02:26,D,After,RepLawrence,I would like to express my deepest condolences to the families of those affected by the tragedy in Orlando last night. #PrayForOrlando,PrayForOrlando,-0.437,Other,0
4/3/14,12:04:38,D,After,RepTimWalz,"My thoughts and prayers go out to the victims, their families, and everyone at Ft. Hood. What a terrible tragedy.",,-0.275,Latino,0
7/8/16,15:50:01,D,After,USRepRickNolan,This has been another violent and tragic week for the United States of America. https://t.co/h1RgOBLyY0,,-0.373,Black,0
9/16/13,20:41:00,D,After,BennieGThompson,My prayers are with the victims of today's Navy Yard tragedy.,,-0.515,Black,0
6/13/16,19:45:59,D,After,RepBradAshford,By working together we can prevent the tragedy in Orlando from happening again. #OrlandoUnited https://t.co/eB0ceGtDE4,OrlandoUnited,-0.185,Other,0
9/16/13,16:30:38,D,After,RepSheaPorter,"Horrified by the tragic events in DC this morning. My thoughts &amp; prayers are with the victims, first responders, &amp; individuals in the area.",,0.241,Black,0
10/24/14,19:53:23,D,After,RepAnnieKuster,Deeply saddened by the tragic events at Marysville-Pilchuck High School in WA; my thoughts and prayers are with the families of the victims.,,-0.255,Native American,0
7/20/12,15:00:45,D,After,RepSires,"Shocked and saddened by the tragic Aurora, CO shooting.  My thoughts and prayers are with the victims and their families.",,-0.403,White,0
7/18/16,14:33:37,D,After,BillPascrell,Our nation yet again mourns the tragic death of brave law enforcement officers killed in the line of duty. #BatonRouge #EnoughIsEnough,BatonRouge EnoughIsEnough,-0.366,Black,0
7/16/15,22:43:36,D,After,BillPascrell,My thoughts &amp; prayers are with #Chattanooga today in the wake of yet another senseless shooting. Tragic loss of 4 of our nation's bravest.,Chattanooga,-0.366,Other,0
6/18/15,13:46:38,D,After,BillPascrell,My heartfelt condolences go out to Charleston today as they mourn last evening’s tragic shooting.,,-0.366,White,0
8/5/12,23:22:21,D,After,StevenHorsford,"Today's shooting in WI is a tragedy. My heart goes out to all the victims, their families and my friends in the Sikh community. #nv04",nv04,-0.355,White,0
7/20/12,16:02:13,D,After,StevenHorsford,Today should be a day absent of politics and full of thoughts and prayers for the families affected by the shooting tragedy in Aurora.,,-0.355,White,0
10/1/15,20:40:07,D,After,repbenraylujan,My thoughts and prayers are with the victims and families of all those affected by the tragic shooting at Umpqua Community College.,,-0.369,White,0
6/18/15,15:52:05,D,After,repbenraylujan,My thought and prayers go out to the people of South Carolina following last night's tragic shooting. #CharlestonShooting,CharlestonShooting,-0.369,White,0
12/14/12,18:48:14,D,After,repbenraylujan,"The shooting in CT is a terrible tragedy and my thoughts and prayers are with the children, families, and entire community.",,-0.369,White,0
12/14/12,22:26:25,D,After,louiseslaughter,I am grief-stricken for today's innocent victims. My full statement on this tragic event &amp; senseless gun violence: http://t.co/11d2nIFA,,-0.465,White,0
7/8/16,20:51:55,D,After,RepJeffries,The @OfficialCBC discusses way forward in the midst of pain &amp; tragedy → https://t.co/cIt5uyyQZw https://t.co/cM9SWicJ9Z,,-0.484,Black,0
7/8/16,9:59:17,D,After,RepJeffries,Tragedy strikes the Dallas PD.  Pray for all the victims. We must learn to love each other,,-0.484,Black,0
6/12/16,12:53:54,D,After,RepJeffries,Tragedy strikes another American city this morning #PrayForOrlando,PrayForOrlando,-0.484,Other,0
11/28/15,16:47:57,D,After,RepJeffries,20 prior civilian complaints + 16 shots + 15 seconds = Another American Tragedy #LaquanMcDonald https://t.co/D6Uwtj4nhD,LaquanMcDonald,-0.484,White,0
6/18/15,19:25:14,D,After,RepJeffries,Statement on the tragic shooting at South Carolina’s Emanuel AME church http://t.co/8xVaq4C7CC  #CharlestonShooting,CharlestonShooting,-0.484,White,0
7/8/16,10:58:29,D,After,NitaLowey,My heart breaks for the victims of the tragedy in Dallas and their families. We must stand with all those who want peace.,,-0.388,Black,0
9/17/13,14:50:26,D,After,NitaLowey,"As we mourn the victims of Navy Yard tragedy, flag at U.S. Capitol is rightfully at half-mast: http://t.co/292xfMVSXo",,-0.388,Black,0
12/14/12,17:10:33,D,After,NitaLowey,"Praying for victims and families in Newtown, CT.  A senseless and heartbreaking tragedy.",,-0.388,White,0
10/1/15,21:38:34,D,After,RepGraceMeng,Terrible tragedy in #Oregon. Thoughts-prayers to all impacted by #UCCShooting. Must stop all this senseless gun violence around the country.,Oregon UCCShooting,-0.383,White,0
10/1/15,19:06:48,D,After,RepKathleenRice,Just heartbreaking to learn of yet another mass shooting at an American school. Praying for all those affected by this tragedy. #UCCShooting,UCCShooting,-0.294,White,0
7/17/15,17:44:24,D,After,RepKathleenRice,Visited the Armed Forces Career Ctr in Hempstead to offer my support &amp; discuss the tragic shootings in #Chattanooga http://t.co/URDUCMjOyk,Chattanooga,-0.294,Other,0
6/18/15,13:42:10,D,After,RepKathleenRice,Horrified by the tragic shooting in Charleston. Praying for the victims &amp; the Emanuel AME Church community. -kr #PrayersForCharleston,PrayersForCharleston,-0.294,White,0
6/12/16,16:30:48,D,After,RepGregoryMeeks,My thoughts &amp; prayers are w/ the victims of Orlando's tragic mass shooting. We must end hate crimes and gun violence #NotOneMore #LoveIsLove,NotOneMore LoveIsLove,-0.413,Other,0
6/18/15,13:44:21,D,After,RepGregoryMeeks,"Devastated by the news of the #CharlestonShooting, a senseless hate crime which lead to the tragic death of 9 people.",CharlestonShooting,-0.413,White,0
9/17/13,1:03:01,D,After,RepGregoryMeeks,It's a sad day in America to witness yet another tragedy where innocent people are killed by senseless gun violence.,,-0.413,Black,0
9/7/11,18:46:45,D,After,carolynmccarthy,High-capacity magazines were used in the tragic shooting spree in NV.  Something can be done: www.supporthr308.com,,-0.294,Latino,0
8/6/12,20:53:25,D,After,RepGaryAckerman,"Our hearts go out to the residents of Oak Creek, Wisconsin. We send our thoughts and prayers to all those impacted by this horrible tragedy.",,-0.429,White,0
7/20/12,15:11:35,D,After,RepGaryAckerman,Terrible tragedy in Colorado. We send our thoughts &amp; prayers 2 the citizens of #Aurora &amp; 2 those who lost loved 1s in this senseless crime.,Aurora,-0.429,White,0
4/4/14,17:54:34,D,After,RepSteveIsrael,The tragedy at #FortHood shows the critical need to invest in mental health services for our #veterans (1/2),FortHood veterans,-0.334,Latino,0
9/16/13,19:49:13,D,After,TimBishopNY,"My thoughts and prayers are with all those affected by the tragedy at the Navy Yard in Washington, DC today.",,-0.334,Black,0
6/13/16,16:49:38,D,After,RepDavidEPrice,"To stand in solidarity w/ the victims and the LGBT community, we must adopt common-sense gun reforms to help prevent the next tragedy (2/3)",,-0.342,Other,0
10/1/15,22:10:57,D,After,RepBonamici,My statement on the tragedy at Umpqua Community College https://t.co/LMoOauDJRk,,-0.397,White,0
8/5/12,22:33:15,D,After,RepBonamici,The tragic shooting in Wisconsin deeply saddens me. My thoughts &amp; prayers are with the families &amp; victims of this act of senseless violence.,,-0.397,White,0
10/1/15,18:58:00,D,After,RepSchrader,The hearts of all Oregonians go out to their families and the Roseburg community coping with this tragedy.,,-0.192,White,0
10/1/15,18:42:20,D,After,RepSchrader,My thoughts and prayers are with all the victims and families of the horrible tragedy at Umpqua Community College.,,-0.192,White,0
7/20/12,13:41:55,D,After,RepSchrader,"My heart goes out to the victims, their families and all Coloradans today following the awful tragedy in Aurora.",,-0.192,White,0
10/1/15,19:17:08,D,After,RepPeterDeFazio,My thoughts and prayers are with the victims of today's tragic shooting in Roseburg: https://t.co/O4lF8YcnVy,,-0.429,White,0
10/1/15,19:28:27,D,After,repblumenauer,Stunned by reports of a shooting in my home state of OR. My thoughts &amp; prayers are w/ UCC as we struggle to cope w/ this tragedy.,,-0.428,White,0
6/18/15,21:53:39,D,After,repblumenauer,My thoughts are w/ the families &amp; victims of the #CharlestonShooting &amp; the community as it begins to heal from this senseless act of tragedy,CharlestonShooting,-0.428,White,0
12/14/12,23:12:45,D,After,repblumenauer,"Tragic week of gun violence. While we honor the victims, we must not allow ourselves to be bullied into accepting this as the status quo.",,-0.428,White,0
11/6/09,0:25:20,D,After,JoeSestak,Calling in to KDKA 1020 Radio at 7:30 PM to talk about the Fort Hood tragedy. Listen live: http://bit.ly/3BKrTB #sestak,sestak,-0.271,Other,0
11/5/09,22:44:13,D,After,JoeSestak,Joining Ed Schultz around 6:10pm on MSNBC to discuss the tragedy in Texas. #sestak,sestak,-0.271,Other,0
6/18/15,15:45:39,D,After,Clyburn,I am proud of how the Charleston police department and other officials responded to this tragedy. #EmmanuelAME,EmmanuelAME,-0.465,White,0
9/17/13,18:57:34,D,After,repjimcooper,"I hope you will join with me in praying for the victims, first responders and families affected by yesterday’s tragedy in Washington.",,-0.161,Black,0
7/8/16,22:34:37,D,After,RepVeasey,Joining @MSNBC now to discuss how we can support the DFW Metroplex during this tragic time #DallasStrong https://t.co/x2IhaOPWvo,DallasStrong,-0.4,Black,0
7/8/16,11:48:23,D,After,RepVeasey,My thoughts &amp; prayers remain w/ the victims of last night's tragic shooting. We must remember violence never solves violence #DallasStrong,DallasStrong,-0.4,Black,0
6/12/16,13:10:32,D,After,RepVeasey,Woke up to the horrible news in #Orlando. My thoughts &amp; prayers go out to the individuals and families affected by the tragedy.,Orlando,-0.4,Other,0
12/2/15,21:38:26,D,After,RepVeasey,My thoughts &amp; prayers are with the #SanBernandino community as the tragic events in southern CA unfold.,SanBernandino,-0.4,Other,0
10/2/15,15:24:41,D,After,RepVeasey,Our thoughts &amp; prayers remain with the families affected by yesterday's tragic shooting at Oregon's Umpqua Community College.,,-0.4,White,0
7/20/12,13:56:41,D,After,TX20CharlieG,"My thoughts and prayers are with the victims and family members of the horrific and tragic shooting in Aurora, Colorado.",,-0.347,White,0
1/9/11,0:33:14,D,After,SilvestreReyes,"Carolina and I are praying for Gabby, her staff, and all those affected by today's tragedy. http://fb.me/P3042IDu",,-0.321,White,0
4/3/14,15:39:56,D,After,USRepRHinojosa,Our thoughts and prayers are with the families affected by this tragic and violent act and also with the entire... http://t.co/blWabBwlta,,-0.34,Latino,0
7/8/16,18:19:46,D,After,RepAlGreen,The horrific attack on peace officers in Dallas is an unthinkable tragedy: https://t.co/oaNiftujVz,,-0.436,Black,0
6/13/16,12:50:51,D,After,RepAlGreen,Yesterday’s unthinkable and senseless tragedy in Orlando should serve as a stark reminder of the need to respect LGBTQ Equality.,,-0.436,Other,0
2/21/16,16:40:38,D,After,RepAlGreen,"I am saddened by the tragic shooting in Kalamazoo County, Michigan. I will continue to closely monitor the situation.",,-0.436,White,0
12/14/12,23:15:28,D,After,RepAlGreen,"Read my statement on the tragic shooting in Newtown, Connecticut: http://t.co/0F2gynGG",,-0.436,White,0
9/16/13,16:35:22,D,After,Jim_Moran,My thoughts and prayers are with all those affected by the tragic events at the Navy Yard this morning.,,-0.203,Black,0
6/12/16,13:48:08,D,After,RepDennyHeck,"Horrified by the tragic shooting in #Orlando. My heart goes out to the victims, their families, &amp; the community. https://t.co/McpaqtVsrk",Orlando,-0.312,Other,0
9/16/13,16:49:15,D,After,RepDennyHeck,Very sad to hear about the tragedy in D.C. this morning. The men and women who work at the Washington Navy Yard are patriots,,-0.312,Black,0
10/24/14,19:48:51,D,After,RepAdamSmith,"My thoughts &amp; prayers are w/ the victims, families, friends, &amp; all affected by the tragic shooting in Marysville. #MPHS #MarysvilleShooting",MPHS MarysvilleShooting,-0.283,Native American,0
12/14/12,21:16:14,D,After,RepAdamSmith,"My heart goes out to all those affected by this horrible tragedy in Newtown, Connecticut.",,-0.283,White,0
4/3/14,19:54:14,D,After,RepJimMcDermott,I'll be on @komonewsradio at 1:35pm to talk #FortHood tragedy. It's time to provide the care our veterans deserve http://t.co/62gJBtAz1d,FortHood,-0.666,Latino,0
12/3/15,2:19:35,D,After,JayInslee,We grieve with the #SanBernardino community tonight. But we've let this story become all too common. We cannot let tragedy become ordinary.,SanBernardino,-0.33,Other,0
7/20/12,19:52:13,D,After,JayInslee,"@donnabrazile: ""my heart broke w/ sadness when I heard about the tragedy in CO."" http://t.co/IL9wY7mv",,-0.33,White,0
7/20/12,17:24:36,D,After,JayInslee,RT @donnabrazile: Pause in a moment of tragedy. Let us mourn those who passed away &amp; pray for those who still fighting for their lives in...,,-0.33,White,0
10/24/14,23:34:14,D,After,RepDelBene,My statement on the tragedy at Marysville-Pilchuck High School--http://t.co/A1SZV2Onni #PrayForPilchuck,PrayForPilchuck,-0.278,Native American,0
6/12/16,17:08:09,D,After,RepGwenMoore,"My heart aches over the tragic events that took place last night in Orlando, FL. #PulseShooting @LGBTEqCaucus #LGBT https://t.co/4vQbop62pz",PulseShooting LGBT,-0.53,Other,0
6/12/16,13:44:07,D,After,RepGwenMoore,Details still emerging on the tragedy at @pulseorlando. All I know for sure is that Milwaukee stands w/ City of Orlando today #PulseShooting,PulseShooting,-0.53,Other,0
6/18/15,13:10:21,D,After,RepGwenMoore,My deepest condolences go out to all of those whose lives will be forever changed by this tragedy. #PrayForCharleston http://t.co/azpcGGuwde,PrayForCharleston,-0.53,White,0
6/12/16,15:58:04,D,After,repmarkpocan,To have 50 people gunned down as we celebrate pride month is horrific &amp; devastating. We must stand w/ #LGBT community on this tragic day.,LGBT,-0.552,Other,0
7/20/12,18:42:15,D,After,SenatorBegich,"My deepest sympathies and thoughts are with the victims,their families,&amp; the entire community impacted by this horrific tragedy in Colorado",,-0.552,White,0
1/8/11,18:42:15,D,After,SenatorBegich,My thoughts and prayers are with Rep. Giffords and all of the victims in Arizona. A tragedy for our entire country.,,-0.552,White,0
6/13/16,18:42:15,D,After,BarbaraBoxer,"Responding to the tragedy in Orlando, our President has once again showed the unifying leadership we so desperately need in our nation.",,-0.45,Other,0
7/20/12,18:42:15,D,After,MarkUdall,"@COVA_Denver has resources to help process the #theatershooting tragedy at http://t.co/4vRUEORU, or 303-861-1160.",theatershooting,-0.353,White,0
6/13/16,18:42:15,D,After,SenChrisDodd,Statement from Senator Dodd on the tragic shooting in #Orlando https://t.co/IjFzG1riMW,Orlando,-0.328,Other,0
7/20/12,18:42:15,D,After,maziehirono,“I am truly saddened by the senseless act of violence in Colorado. It is particularly tragic that young victims were likely involved (2/3),,-0.489,White,0
6/12/16,18:42:15,D,After,SenDonnelly,(1/2) The shooting in Orlando was tragic and heartbreaking. -Joe,,-0.119,Other,0
7/8/16,18:42:15,D,After,SenatorBarb,As we grieve w victims families &amp; struggle to understand tragedy we should lift our voices in unified call for peace https://t.co/aHA8DOCWmo,,-0.37,Black,0
6/13/16,18:42:15,D,After,SenatorBarb,"Shooting in Orlando a national tragedy. I join in offering my deepest condolences, prayers &amp; heartfelt sympathies. https://t.co/7Q6zvEnmxI",,-0.37,Other,0
12/14/12,18:42:15,D,After,SenatorBarb,Today our nation mourns for those lost and the families that have been shattered by this devastating tragedy.,,-0.37,White,0
12/14/12,18:42:15,D,After,SenCarlLevin,"Carl on CT shooting: ""This is an unspeakable tragedy. We are a nation in mourning for the victims, their families and their community.""",,-0.395,White,0
7/7/16,18:42:15,D,After,SenGaryPeters,Truly saddened by the tragic shootings in MN &amp; LA. We must unite to improve community &amp; police relationships to prevent these incidents,,-0.235,Black,0
7/20/12,18:42:15,D,After,clairecmc,Prayers for families in Colorado. Tragic.,,-0.235,White,0
10/2/15,18:42:15,D,After,russfeingold,"The news out of Oregon is awful.  Another tragic, violent event like this at a school, shattering a community, makes me sad and angry. -RDF",,-0.308,White,0
4/3/14,14:20:31,R,After,RepMikeRogersAL,Join me in keeping those impacted by the tragedy at Fort Hood in your thoughts and prayers. http://t.co/Op0TBtohxi,,0.338,Latino,0
1/8/11,21:46:21,R,After,RepMikeRogersAL,"Our thoughts & prayers go out to Rep Giffords, the victims & families after the tragic, horrific attack today.",,0.338,White,0
9/16/13,14:57:18,R,After,Robert_Aderholt,My thoughts and prayers are with everyone at the Washington Navy Yard during this terrible tragedy.,,0.361,Black,0
7/8/16,17:56:46,R,After,RepMarthaRoby,Difficult to find the right words or any words at all in such a tragedy. My thoughts on the #DallasPoliceShootings https://t.co/U1ALUevz42,DallasPoliceShootings,0.368,Black,0
6/18/15,13:58:11,R,After,RepMarthaRoby,Praying that God may bring comfort to the families of those killed &amp; peace to the Charleston community after last night's senseless tragedy.,,0.368,White,0
7/8/16,22:51:49,R,After,repdonyoung,"With a heavy heart, I mourn the 5 brave officers who were so tragically killed in the line of duty. AK stands w/ TX https://t.co/bHYhbay2Cf",,0.278,Black,0
7/16/15,22:25:12,R,After,repdonyoung,Saddened &amp; sickened by tragic #ChattanoogaShooting. My deepest condolences to families of the 4 U.S. Marines killed in this repulsive attack,ChattanoogaShooting,0.278,Black,0
4/3/14,0:00:39,R,After,RepRickCrawford,Please keep everyone at #FortHood in your thoughts and prayers in the wake of this tragedy.,FortHood,0.379,Latino,0
6/12/16,17:34:37,R,After,rep_stevewomack,"Praying for the victims, their families, and all involved in the horrible tragedy in Orlando #prayfororlando",prayfororlando,0.346,Other,0
7/17/15,19:02:08,R,After,salmoncongress,My thoughts and prayers go out to the families of the four Marines who tragically lost their lives in the Chattanooga shooting yesterday.,,0.673,White,0
6/18/15,15:30:34,R,After,salmoncongress,My thoughts and prayers go out to the families of the victims who lost their lives in the tragic Charleston church shooting.,,0.673,White,0
12/14/12,22:02:32,R,After,salmoncongress,"I am horrified and deeply saddened by the tragic events in Connecticut today. Praying for the town of Newton, the victims and their families",,0.673,White,0
7/20/12,16:28:09,R,After,salmoncongress,"Senseless tragedy. Please join me in sending prayers to the victims, their families, &amp; the Aurora community during this difficult time.#pray",pray,0.673,White,0
4/3/12,15:52:48,R,After,salmoncongress,Thoughts and prayers with those affected by this morning’s tragedy at #Mesa Falcon Field.,Mesa,0.673,Asian,0
12/2/15,21:19:01,R,After,RepMcSally,"As this tragic story develops, praying for all those impacted in #SanBernadino.",SanBernadino,0.34,Other,0
7/16/15,19:11:08,R,After,RepMcSally,My heart goes out to the victims and their families in Chattanooga. My thoughts and prayers are with all those affected by this tragedy.,,0.34,Other,0
12/14/12,18:38:55,R,After,RepDavid,I am so sorry to hear of the loss in Connecticut. My heart goes out to the families of this tragedy.,,0.633,Black,0
7/8/16,17:23:56,R,After,KenCalvert,Here's my statement on the tragedy in Dallas last night: https://t.co/coqOdyn1JW,,0.349,Black,0
4/3/14,17:09:34,R,After,KenCalvert,My thoughts and prayers go out to all those impacted by the tragedy at Fort Hood. http://t.co/nFtnkidbr2,,0.349,Latino,0
9/16/13,18:14:18,R,After,KenCalvert,My thoughts and prayers go out to everyone affected by the tragedy at the Washington Navy Yard this morning,,0.349,Black,0
4/3/14,4:00:03,R,After,RepJeffDenham,My thoughts and prayers are with all those impacted by the terrible tragedy at #FortHood this evening.,FortHood,0.308,Latino,0
7/16/15,22:47:20,R,After,RepMimiWalters,Sending my thoughts &amp; prayers to the families &amp; friends of the 4 brave Marines that were tragically killed today.,,0.429,Other,0
6/18/15,16:19:35,R,After,RepMimiWalters,My heart goes out to #Charleston today. Praying for the victims &amp; families affected by this terrible tragedy. http://t.co/kRDWZd49jy,Charleston,0.429,White,0
10/1/15,19:41:03,R,After,RepDavidValadao,My heart goes out to the victims and loved ones of the tragedy at Umpqua Community College in #Oregon today. #UCC,Oregon UCC,0.254,White,0
7/17/16,16:38:12,R,After,RepDLamborn,Praying for healing and peace in our nation after the tragic events unfolding in #BatonRouge,BatonRouge,0.69,Black,0
11/28/15,2:06:52,R,After,RepDLamborn,Update to earlier tweet. A tragic &amp; heartbreaking day in COS. Thoughts &amp; prayers needed for all victims.  https://t.co/8fzAckov61,,0.69,White,0
6/12/16,22:59:05,R,After,RepMikeCoffman,"Our thoughts &amp; prayers are w/ the families and victims of the horrible, tragic shooting in #Orlando last night.",Orlando,0.498,Other,0
7/17/16,17:13:12,R,After,RepTipton,"Tragic news out of Baton Rouge this morning. My heart goes out to the officers and their families, and I pray for an end to this violence.",,0.454,Black,0
7/8/16,11:11:00,R,After,RepTipton,My thoughts and prayers are with the victims of the tragic events that occurred in Dallas last night. My heart goes out to their loved ones.,,0.454,Black,0
11/28/15,2:35:12,R,After,RepTipton,Deeply saddened by the tragic loss of life in Colorado Springs today from senseless violence. Prayers for the victims and their families.,,0.454,White,0
9/16/13,15:16:35,R,After,RepJeffMiller,Vicki's and my thoughts and prayers are with those affected by the tragedy at the #NavyYard this morning.,NavyYard,0.633,Black,0
7/20/12,15:17:56,R,After,AnderCrenshaw,"Thoughts and prayers go out to family, friends of #Aurora victims in this senseless tragedy.",Aurora,0.633,White,0
1/8/11,22:09:10,R,After,AnderCrenshaw,"At this time of tragedy, my thoughts and prayers are with Rep. Giffords, her family, staff, and all the victims of this horrific event.",,0.633,White,0
6/13/16,16:01:03,R,After,RepGusBilirakis,"In times of tragedy, Americans stay strong despite the evil in the world. Orlando, we're here for you #OrlandoUnited https://t.co/alkdR8aFvO",OrlandoUnited,0.403,Other,0
12/2/15,20:57:45,R,After,RepGusBilirakis,"As this tragic story develops, my thoughts &amp; prayers are with #SanBernardino",SanBernardino,0.403,Other,0
10/1/15,23:09:26,R,After,RepGusBilirakis,My thoughts &amp; prayers go out to the families &amp; loved ones involved in this tragedy #UCCShooting,UCCShooting,0.403,White,0
7/17/15,17:00:21,R,After,RepGusBilirakis,"My thoughts and prayers go out to our fallen Marines, their loved ones, and all of our troops following the tragic shooting in Chattanooga.",,0.403,Other,0
12/14/12,21:56:22,R,After,adamputnam,My thoughts and prayers are with the victims and families involved in today's tragedy in Connecticut. May God be with them.,,0.414,White,0
6/12/16,16:39:28,R,After,VernBuchanan,Tragic news out of Orlando. Our thoughts and prayers are with the victims and their families.,,0.36,Other,0
7/16/15,21:00:26,R,After,VernBuchanan,My thoughts and prayers are with the fallen Marines and their loved ones following the tragic shooting today in Tennessee.,,0.36,Other,0
12/14/12,18:04:43,R,After,VernBuchanan,"My heart aches for those affected by the senseless tragedy in Newtown, Conn.",,0.36,White,0
7/20/12,13:57:35,R,After,VernBuchanan,Would like to join every American in sending our prayers to the victims and families of last night's senseless tragedy in Colorado,,0.36,White,0
7/20/12,14:12:07,R,After,RepConnieMack,My thoughts and prayers are with the victims and families of last night's tragic shooting in Colorado,,0.601,White,0
6/12/16,16:14:12,R,After,congbillposey,My thoughts and prayers are with the victims and loved ones of this morning's tragic shooting in Orlando,,0.511,Other,0
1/8/11,22:28:32,R,After,congbillposey,Congressman Posey’s Statement on Today’s Tragic Events in Arizona:  http://bit.ly/fKehHy #politics,politics,0.511,White,0
9/16/13,16:46:40,R,After,TomRooney,"Tara and I send our thoughts &amp; prayers to the victims, families, first responders &amp; all those affected by tragic shooting at Navy Yard in DC",,0.459,Black,0
4/3/14,14:40:46,R,After,Rep_Southerland,My thoughts and prayers are with all the victims of yesterday’s tragic shooting at Fort Hood. http://t.co/LT8CCfA0m8,,0.56,Latino,0
12/14/12,18:41:47,R,After,RepWebster,The tragic violence in #CT is unimaginable. My prayers are with all of those in the Sandy Hook Elementary community.,CT,0.481,White,0
7/20/12,12:52:30,R,After,RepWebster,My prayers are with the victims of last night’s tragedy in Aurora and my heart goes out to their loved ones.,,0.481,White,0
7/16/15,20:37:25,R,After,RepDennisRoss,"My thoughts and prayers go out to the families and friends of the Marines tragically killed today in Chattanooga, Tenn.",,0.533,Other,0
4/3/14,3:41:03,R,After,RepDennisRoss,Praying for all of the families affected by the tragic Fort Hood shooting today.,,0.533,Latino,0
4/3/14,14:42:19,R,After,RepTedYoho,Thinking of all those affected by the tragic Fort Hood shooting yesterday http://t.co/Z8J2mtx6v8,,0.697,Latino,0
4/3/14,14:59:18,R,After,PaulBrounMD,Georgia is keeping those affected by the tragedy at Fort Hood in our hearts and prayers. http://t.co/WMq4x8OOvj,,0.913,Latino,0
1/9/11,17:06:29,R,After,PaulBrounMD,"I am shocked and saddened by this horrific tragedy in Tucson, AZ. My prayers are with Congresswoman Giffords'... http://fb.me/OUCLKq21",,0.913,White,0
12/14/12,20:24:27,R,After,DrPhilGingrey,"As a father and grandfather, I am heartbroken at the tragedy in Newtown today. #SandyHook",SandyHook,0.561,White,0
12/14/12,20:44:05,R,After,RepTomGraves,Julie and I are in prayer today for all those impacted by the unimaginable tragedy in Connecticut. https://t.co/lUeKGzFv,,0.753,White,0
7/20/12,14:41:32,R,After,RepTomGraves,"My thoughts and prayers are with the people affected by the tragedy in Aurora, Colorado last night.",,0.753,White,0
6/18/15,13:53:17,R,After,AustinScottGA08,"Vivien and I offer our prayers in the wake of the senseless tragedy that occurred in Charleston, SC last night.... http://t.co/v1hP0Mw1rR",,0.572,White,0
1/9/11,5:06:49,R,After,AustinScottGA08,"Due to the ongoing coverage into Saturday's tragic shooting in Arizona, I will not be on CNN's ""State of the... http://fb.me/SnN8ZvpC",,0.572,White,0
1/9/11,5:04:04,R,After,AustinScottGA08,"Due to the ongoing coverage of the tragic shooting in Arizona, I will not be on CNN's ""State of the Union""... http://fb.me/Qa9dapS7",,0.572,White,0
9/23/16,10:55:27,R,After,RepDougCollins,Catching up on the news while I wait for my appearance on @CNN to speak about the tragedy in #Charlotte https://t.co/Hy1R8U5ilq,Charlotte,0.636,Other,0
10/1/15,18:56:44,R,After,RepBuddyCarter,Amy and I send our thoughts and prayers to those affected by the tragedy at Umpqua Community College.,,0.57,White,0
7/16/15,19:19:05,R,After,RepBuddyCarter,"Saddened to hear the news from #Chattanooga today. My thoughts and prayers are with everyone involved in this senseless, tragic act.",Chattanooga,0.57,Other,0
6/18/15,14:30:11,R,After,RepRickAllen,"My thoughts and prayers are with the victims, loved ones, and all affected by the tragedy at Emanuel AME last night. #PrayForCharleston",PrayForCharleston,0.62,White,0
12/15/12,22:51:18,R,After,SteveKingIA,"Sandy Hook tragedy: Heartbreak of history. 20 bubbling &amp; innocent little personalities, 7 adults-all live, learn, love &amp; laugh no more. RIP",,0.618,White,0
1/8/11,23:15:18,R,After,SteveKingIA,"The tragedy in Tucson unfolds as we continue to pray for Gabrielle Giffords & all who were shot. So far, a miracle she's alive, get well .",,0.618,White,0
4/3/14,3:06:56,R,After,RepWalorski,My thoughts and prayers are with those who lost their lives or were injured in today's tragedy at Fort Hood.,,0.448,Latino,0
9/16/13,21:32:05,R,After,RepLarryBucshon,My thoughts &amp; prayers are w/ the victims tragedy &amp; their families through this tragedy. #NavyYard https://t.co/97PGRRXs3o,NavyYard,0.387,Black,0
6/12/16,15:09:01,R,After,ToddRokita,"Following last night's tragic shooting, my prayers are with the victims, their families, and the people of Orlando.",,0.597,Other,0
12/3/15,1:20:52,R,After,ToddRokita,"Thoughts and prayers are with the victims, their family and those responding to the tragedy in #SanBernadino.",SanBernadino,0.597,Other,0
9/16/13,19:40:29,R,After,RepStutzman,Our thoughts &amp; prayers are with all involved in the tragic shooting at the Navy Yard &amp;our prayers for safety go out for the first responders,,0.742,Black,0
12/14/12,19:29:46,R,After,RepStutzman,Our family’s prayers are with all those affected by the unspeakable tragedy in Connecticut.,,0.742,White,0
9/16/13,15:10:12,R,After,RepLynnJenkins,"Thinking of DC this morning. Sending prayers for those at the Washington Navy Yard, the victims of this tragedy and their families.",,0.522,Black,0
2/26/16,0:53:59,R,After,JerryMoran,"As we learn more about the details of the tragedy in South Central Kansas tonight, my heart goes out to the victims and their families.",,0.414,Black,0
9/16/13,18:02:59,R,After,RepAndyBarr,My thoughts &amp; prayers are w #NavyYardShootings victims. Pls say a prayer for their families &amp; peaceful resolution to this senseless tragedy,NavyYardShootings,0.485,Black,0
9/16/13,18:40:53,R,After,RepEdWhitfield,"My heart goes out to all of those affected by the horrible tragedy that has unfolded at the Navy Yard in Washington, D.C.",,0.303,Black,0
6/12/16,15:15:13,R,After,RepHuizenga,Horrific &amp; tragic news out of Orlando. Praying for the families &amp; loved ones who lost their lives as well as those injured.,,0.636,Other,0
12/2/15,21:38:23,R,After,RepHuizenga,My thoughts &amp; prayers go out to those impacted by the tragic shootings in #SanBernardino,SanBernardino,0.636,Other,0
9/16/13,16:40:15,R,After,RepWalberg,My thoughts and prayers are with those in #NavyYard and those affected by this tragedy in D.C. today.,NavyYard,0.527,Black,0
6/13/16,19:48:46,R,After,RepFredUpton,My statement on Orlando tragedy: https://t.co/gaZJgG6MhK https://t.co/9NKF096Sr3,,-0.4,Other,0
2/21/16,15:25:53,R,After,RepFredUpton,My statement on the tragic events that unfolded in our community last night: https://t.co/6BTK9D8H0W,,-0.4,Other,0
11/6/09,13:53:31,R,After,petehoekstra,Fort Hood a national tragedy. Remember in your prayers the families and individuals so deeply affected by this. Thank you so much.,,0.516,Other,0
9/16/13,17:04:09,R,After,repjohnkline,Vicky and I extend our thoughts and prayers to everyone affected by today's senseless tragedy at the Washington Navy Yard.,,0.49,Black,0
6/12/16,20:04:28,R,After,RepErikPaulsen,Our hearts are filled with grief after the horrific tragedy in Orlando. Keep the victims and their families in your thoughts and prayers.,,0.406,Other,0
12/14/12,18:35:39,R,After,MicheleBachmann,"My thoughts and prayers are with the children, teachers and families in Connecticut as they mourn this heartbreaking tragedy.",,0.584,White,0
8/5/12,23:23:07,R,After,MicheleBachmann,My heart goes out to everyone affected by today's tragic shooting in Wisconsin. The victims and their families are in my prayers.,,0.584,White,0
7/20/12,15:15:43,R,After,MicheleBachmann,My heart goes out to those affected by the tragic shooting in Colorado. The victims and their families are in my prayers.,,0.584,White,0
6/18/15,12:26:50,R,After,RepAnnWagner,Tragic news of the senseless killing of 9 church members in South Carolina. Praying for the victims &amp; their families. #CharlestonShooting,CharlestonShooting,0.471,White,0
9/16/13,15:11:25,R,After,RepAnnWagner,My thoughts and prayers are with the victims of the #NavyYard shootings.  Please say a prayer for a peaceful resolution to this tragedy.,NavyYard,0.471,Black,0
4/3/14,14:27:32,R,After,RepJasonSmith,Sending my thoughts and prayers to the victims of the Fort Hood tragedy. Please join me in prayer. http://t.co/Yu83dpNGSn,,0.611,Latino,0
7/8/16,12:21:00,R,After,RepHartzler,Horrified. Incensed. Heartbroken at tragic gunning down of #police officers in #DallasPoliceShooting . My prayers are with the victims.,police DallasPoliceShooting,0.497,Black,0
6/18/15,14:33:48,R,After,RepSamGraves,"Thoughts &amp; prayers from around the country are with everyone affected by the tragic #CharlestonShooting last night. Terrible, terrible news.",CharlestonShooting,0.432,White,0
9/16/13,18:19:35,R,After,CongPalazzo,"Today's tragic #NavyYardShooting has taken 12 lives. Praying for victims and families, first responders, those still searching for suspects.",NavyYardShooting,0.492,Black,0
7/20/12,14:09:23,R,After,CongPalazzo,Saddened by the news of the terrible tragedy in Colorado.  My thoughts and prayers are with the victims and their families.,,0.492,White,0
11/28/15,0:02:47,R,After,RepRyanZinke,Tragic day when Americans face off against each other.  My deepest sympathies to the families. Prayers for first responders.,,0.412,White,0
4/3/14,14:05:08,R,After,RepHolding,It's devastating that there has been another tragedy in Fort Hood - my thoughts go out to the victims and their families.#PrayForFortHood,PrayForFortHood,0.658,Black,0
7/16/15,19:06:45,R,After,PatrickMcHenry,Horrible news from #Chattanooga. Join me in praying for the families of those killed in this senseless tragedy.,Chattanooga,0.581,Other,0
6/18/15,18:10:38,R,After,PatrickMcHenry,#CharlestonShooting is a horrific tragedy. I'm thankful for the efforts of Chief Ledford &amp; @ShelbyPolice bringing this monster into (1/2),CharlestonShooting,0.581,White,0
9/17/13,12:41:34,R,After,virginiafoxx,Flags flying half-staff over the Capitol to remember the victims of yesterday's Navy Yard tragedy. http://t.co/PogLLHQzT6,,0.642,Black,0
12/14/12,20:38:03,R,After,virginiafoxx,"My thoughts &amp; prayers are with the people of Connecticut. May God be near to the victims, children, &amp; families impacted by this tragedy.",,0.642,White,0
12/14/12,18:27:55,R,After,LEETERRYNE,"After today's tragic event, our thoughts and prayers go out to the victims and families of Newtown Connecticut.",,0.426,White,0
6/12/16,19:08:40,R,After,JeffFortenberry,This is just horrible &amp; a terrible tragedy. It's hard to get the mind around what just happened. #Orlando,Orlando,0.3,Other,0
12/2/15,23:46:40,R,After,RepFrankGuinta,This is a really shocking tragedy. My heart goes out to the victims' families. https://t.co/Dx7r3Di9nw @CBSNews,,0.433,Other,0
12/14/12,20:02:12,R,After,RepFrankGuinta,"Praying for all those affected by the horrific tragedy in Newtown, CT today.  #prayfornewtown #sandyhook",prayfornewtown sandyhook,0.433,White,0
12/14/12,19:45:47,R,After,RepLanceNJ7,"Heidi and I send our heartfelt prayers to the victims and families of the today's senseless tragedy in Newtown, Conn.",,0.333,White,0
7/8/16,14:19:59,R,After,RepTomMacArthur,"Debbie and I are praying for every officer in the wake of a terrible tragedy like this, know that you are not alone – I stand with you",,0.208,Black,0
12/2/15,23:51:37,R,After,RepTomMacArthur,Debbie and I are sending prayers to San Bernardino in the wake of this terrible tragedy. Our thoughts are with the entire community.,,0.208,Other,0
9/16/13,15:14:45,R,After,RepJonRunyan,Please keep the victims and first responders in your prayers as this tragic event at the #WashingtonNavyYard continues to unfold.,WashingtonNavyYard,0.222,Black,0
6/12/16,18:10:45,R,After,RepChrisSmith,The mass murder in Orlando is tragic beyond words. My condolences to the family and friends of the victims. https://t.co/m2COzv6kIX,,0.16,Other,0
7/8/16,16:13:57,R,After,RepLoBiondo,This sickening horrific tragedy in #Dallas has no justification. We all mourn. Targeted killings of anyone is not what America aspires to be,Dallas,0.211,Black,0
6/18/15,13:43:14,R,After,RepHardy,Saddened to hear of the tragedy in South Carolina last night. My prayers for and condolences to the families of the victims.,,0.353,White,0
4/3/14,18:09:44,R,After,RepChrisCollins,My thoughts and prayers are with those impacted by the tragedy at #FortHood yesterday. http://t.co/x4MgDcTfxt,FortHood,0.368,Latino,0
4/3/14,15:20:55,R,After,RepPeteKing,I discussed the latest on yesterday's tragic Fort Hood shooting with @gretawire &amp; @BillHemmer: https://t.co/C8HvMsUgll,,0.26,Latino,0
12/14/12,20:01:55,R,After,RepPeteKing,My thoughts and prayers are with the victims of this terrible tragedy in Connecticut.,,0.26,White,0
7/20/12,15:32:28,R,After,RepPeteKing,Will be discussing tragic Aurora shooting on @FoxNews at 1:15 p.m.,,0.26,White,0
6/18/15,15:55:59,R,After,RepRichardHanna,My thoughts are with the victims of the Charleston shooting and their families during this indescribable tragedy. http://t.co/cZIyvK2ePI,,0.215,White,0
9/16/13,20:25:09,R,After,RepRichardHanna,Heartbreaking tragedy took place today at Washington Navy Yard. Please keep the victims and their families in your thoughts and prayers.,,0.215,Black,0
7/17/16,16:18:27,R,After,RepTomReed,Tragic news out of Baton Rouge. We stand with our police officers and demand an end to this senseless violence against law enforcement.,,0.295,Black,0
9/16/13,18:25:57,R,After,RepChrisGibson,"My thoughts and prayers are with the victims of the tragedy at the Washington Navy Yard, their families, and all of those who work there.",,0.203,Black,0
10/2/15,12:22:09,R,After,RepDanDonovan,"Today, as we continue to learn more about the terrible tragedy in Oregon, my thoughts and prayers are with the families of the victims.",,0.224,White,0
4/3/14,14:24:05,R,After,RepJimRenacci,Thinking and praying for all of those who are affected by this senseless tragedy http://t.co/3bg06RZyym,,0.384,Latino,0
9/16/13,21:16:49,R,After,RepJimRenacci,My thoughts are with the victims and family members of today's tragic attack at the Washington Navy Yard.  Some... http://t.co/3JVepXIfUQ,,0.384,Black,0
12/14/12,18:30:09,R,After,RepJimRenacci,My thoughts and prayers are with the victims and families of the tragic and senseless act of violence that took... http://t.co/V15mMfzb,,0.384,White,0
7/8/16,14:21:04,R,After,PatTiberi,"The images of last night’s horrific ambush in Dallas are tragic &amp; heartbreaking.

My Statement: https://t.co/iAOlaVArPJ",,0.386,Black,0
1/8/11,18:53:32,R,After,Jim_Jordan,"Please join me, my family, staff and colleagues in prayers for Rep. Giffords, her staff and those impacted by the tragedy in AZ today.",,0.707,White,0
7/20/12,17:45:20,R,After,RepMikeTurner,My thoughts and prayers go out to the victims and families of last night's tragedy in Colorado.,,0.266,White,0
7/8/16,19:23:31,R,After,RepSteveChabot,Yesterday’s #DallasPoliceShooting was a national tragedy. My thoughts &amp; prayers are w the victims &amp; their families. https://t.co/sROa1o0w7B,DallasPoliceShooting,0.584,Black,0
12/14/12,20:35:00,R,After,RepSteveChabot,"My heart and prayers go out to the victims and their families of this senseless tragedy at Sandy Hook Elementary in Newtown, Conn.",,0.584,White,0
4/3/14,14:34:44,R,After,RepMullin,My thoughts and prayers go out to all those affected by the tragic Fort Hood shooting yesterday. http://t.co/asSbJrEvMW,,0.504,Latino,0
7/16/15,19:43:28,R,After,RepJBridenstine,I am devastated by the tragedy in #Chattanooga.  Please join me in prayer for all those affected.,Chattanooga,0.689,Other,0
6/18/15,15:13:21,R,After,RepJBridenstine,I am deeply saddened to hear of the tragedy in Charleston.  Please join me in praying for all those affected.  #PrayersForCharleston,PrayersForCharleston,0.689,White,0
6/12/16,22:38:45,R,After,TomColeOK04,I am deeply grieved by the horrific tragedy that senselessly claimed dozens of innocent lives today in Orlando. https://t.co/tRuB3Kg9c6,,0.335,Other,0
4/3/14,18:15:35,R,After,TomColeOK04,My thoughts and prayers remain with every life impacted by the tragedy at Fort Hood. http://t.co/pB8mNpJE5l,,0.335,Latino,0
9/17/13,21:05:01,R,After,TomColeOK04,My thoughts and prayers are with the victims of yesterday’s tragedy at #NavyYard.,NavyYard,0.335,Black,0
7/8/16,16:29:34,R,After,RepFrankLucas,"As we mourn this senseless tragedy, I stand with our law enforcement officers &amp; their families #DallasPoliceShooting https://t.co/UdQCHaIQdK",DallasPoliceShooting,0.363,Black,0
9/16/13,20:28:06,R,After,RepFrankLucas,My thoughts and prayers go out to those who were affected by the terrible tragedy that occurred today at the Washington #NavyYard.,NavyYard,0.363,Black,0
6/12/16,16:24:25,R,After,repgregwalden,"Senseless, horrible attack and tragedy in Orlando.  My prayers are with the victims, their families and the people of Orlando.",,0.338,Other,0
9/16/13,20:47:46,R,After,repgregwalden,Thoughts and prayers go out to victims &amp; families involved in Navy Yard tragedy today. Special thanks to brave first responders on scene.,,0.338,Black,0
12/14/12,21:06:45,R,After,repgregwalden,"Mylene and I were horrified to learn of this senseless tragedy. Our thoughts and prayers go out to the children, teachers, and families.",,0.338,White,0
1/8/11,23:12:26,R,After,repgregwalden,"Please keep Congresswoman Giffords, her family, and the innocent civilians involved in this senseless tragedy in your prayers.",,0.338,White,0
4/3/14,15:25:15,R,After,KeithRothfus,Our thoughts and prayers are with the families affected by this tragedy. http://t.co/K6CRPreaEm,,0.494,Latino,0
12/14/12,19:16:27,R,After,RepLouBarletta,My thoughts and prayers go out to the family and friends of the victims of the tragic school shooting in Connecticut this morning.,,0.277,White,0
6/12/16,14:56:41,R,After,RepFitzpatrick,Absolutely tragic news out of Florida. My thoughts and prayers go out to all those impacted by this evil act as... https://t.co/wjEGYymgH7,,0.202,Other,0
6/18/15,22:00:01,R,After,RepFitzpatrick,"Absolute tragedy in #Charleston - my thoughts and prayers go to all those impacted, especially families of the... http://t.co/0IlniiuvRS",Charleston,0.202,White,0
6/18/15,15:14:03,R,After,RepFitzpatrick,"Absolute tragedy in #Charleston - my thoughts and prayers go to all those impacted, especially families of the victims. #CharlestonShooting",Charleston CharlestonShooting,0.202,White,0
9/16/13,14:38:23,R,After,RepFitzpatrick,Tragic RT '@AP BREAKING: Defense official says several killed and as many as 10 wounded in Navy Yard shooting.',,0.202,Black,0
9/16/13,20:45:49,R,After,RepBillShuster,My thoughts and prayers go out to the victims and families affected by the tragic events today in Washington.,,0.374,Black,0
1/8/11,19:08:39,R,After,RepBillShuster,"My thoughts and prayers are with Rep. Gabrielle Giffords, her staff and everyone involved in today's tragic shooting in Arizona.",,0.374,White,0
1/8/11,19:01:03,R,After,RepBillShuster,"My thoughts and prayers are with Rep. Giffords, her staff and everyone impacted by today's tragic shooting http://tinyurl.com/2g83psd",,0.374,White,0
10/1/15,18:27:31,R,After,RepTomRice,"My thoughts &amp; prayers are with the family, friends, &amp; loved ones of Officer Greg Alia, who was tragically killed in the line of duty.",,0.644,White,0
9/16/13,17:29:34,R,After,RepTomRice,"Wrenzie and I extend our thoughts and prayers to the victims, families, and first responders affected by the tragedy at #NavyYard.",NavyYard,0.644,Black,0
9/16/13,15:10:14,R,After,RepJoeWilson,My thoughts and prayers are with those affected by this morning's tragedy at the #NavyYard.,NavyYard,0.547,Black,0
7/8/16,13:42:05,R,After,RepKristiNoem,Asking for God's comfort and strength for the families and community impacted by the tragedy in #Dallas last night.  Our hearts are broken.,Dallas,0.398,Black,0
6/12/16,20:06:58,R,After,RepKristiNoem,"What occurred in Orlando is unimaginable. As our nation mourns, my family &amp; I will be keeping those impacted by this tragedy in our prayers.",,0.398,Other,0
12/2/15,17:15:33,R,After,RepDianeBlack,Spoke with @CatholicChannel abt the #ProLife movement &amp; the shameful politicization of the Colorado Springs tragedy: https://t.co/x9Qaqrw814,ProLife,0.581,White,0
7/16/15,18:24:26,R,After,RepDianeBlack,Dave and I send our prayers to those impacted by the tragic shooting event today at #Chattanooga's Naval Operation Support Center.,Chattanooga,0.581,Other,0
6/18/15,13:54:29,R,After,RepDianeBlack,"Such tragic news out of Charleston, SC. Dave &amp; I join in prayer for the congregation of Emanuel AME Church &amp; for the victims' families.",,0.581,White,0
7/16/15,19:55:21,R,After,RepFincherTN08,My thoughts and prayers are with all those impacted by the tragic shootings in #Chattanooga: http://t.co/zUZEJJ3jmm,Chattanooga,0.526,Other,0
6/18/15,14:48:57,R,After,DesJarlaisTN04,"My heartfelt thoughts &amp; prayers are with the victims, their families and the community in Charleston, SC affected by this horrible tragedy.",,0.594,White,0
4/3/14,1:06:12,R,After,RepChuck,My thoughts are with those affected by the Fort Hood tragedy. Please join Brenda and me in keeping them in your prayers.,,0.474,Latino,0
9/16/13,14:56:19,R,After,RepChuck,My thoughts and prayers go out to those at the Washington Navy Yard and their families during this tragedy.,,0.474,Black,0
7/20/12,16:00:04,R,After,RepChuck,Pleas join me in praying for victims of the #aurora shooting.  Truly a horrifying tragedy.,aurora,0.474,White,0
7/16/15,20:50:22,R,After,DrPhilRoe,My thoughts &amp; prayers are with all affected by the senseless tragedy in Chattanooga today &amp; I am continuing to monitor the investigation.,,0.494,White,0
12/14/12,21:11:25,R,After,DrPhilRoe,Speaker Boehner has ordered the flags over the Capitol to be lowered to honor the victims of today's tragedy. http://t.co/c2PqH9al,,0.494,White,0
12/14/12,18:07:28,R,After,DrPhilRoe,"Sending thoughts and prayers to Newtown, CT during this tragic, horrific time. #PrayforNewtown",PrayforNewtown,0.494,White,0
7/8/16,11:37:06,R,After,PeteSessions,On @WBAP talking with Hal Jay and Eric about this terrible tragedy. #DallasPoliceShooting,DallasPoliceShooting,0.586,Black,0
7/8/16,10:17:25,R,After,PeteSessions,I'm about to join @MorningJoe to discuss last night's tragic attack on our men and women in law enforcement in Dallas.  Watch LIVE now,,0.586,Black,0
7/16/15,19:31:11,R,After,JudgeCarter,My prayers go out to the families of the four Marines who were killed and the officer who was injured in today's tragic shooting.,,0.467,Other,0
7/8/16,13:18:45,R,After,RepRWilliams,"Yesterday afternoon, before the tragedy in Dallas, I spoke to @keyetv about why we must support our police officers https://t.co/nUkfQ4uIcz",,0.604,Black,0
4/3/14,16:58:32,R,After,RepRWilliams,TUNE IN NOW to @FoxNews for the latest update from me on the Ft Hood tragedy.,,0.604,Latino,0
4/3/14,13:10:21,R,After,RepRWilliams,W/ my friend @RepJohnCarter to talk about #FortHood tragedy and extend deepest sympathies to those killed and injured http://t.co/CAcPfgvCLw,FortHood,0.604,Latino,0
7/8/16,11:34:06,R,After,michaelcburgess,NOW on w/ @570KLIF @KLIFdave @amychodroff to discuss the tragedy that took the lives of our #Dallas heroes in blue&gt;&gt; https://t.co/17ADT5NfPg,Dallas,0.57,Black,0
9/16/13,16:34:27,R,After,RepKenMarchant,My thoughts and prayers go out to those affected by the tragedy this morning at the #NavyYard in Southeast D.C.,NavyYard,0.601,Black,0
12/14/12,18:11:55,R,After,RepKenMarchant,My thoughts and prayers are with the victims of the tragedy in Connecticut and their families.,,0.601,White,0
7/21/12,13:22:40,R,After,RepKenMarchant,"RT @gopconference: .@SpeakerBoehner delivers the Weekly Republican Address on the tragedy in Aurora, Colorado: http://t.co/xZ7bKRq3",,0.601,White,0
1/8/11,22:24:01,R,After,RandyNeugebauer,"This is a sad day for America. Praying for my friend Congresswoman Giffords' recovery, as well as the other victims of this tragic event.",,0.628,White,0
4/3/14,14:37:58,R,After,RepKayGranger,My thoughts and prayers go out to all those impacted by the tragedy at Fort Hood http://t.co/WbrQ5TJ01d,,0.392,Latino,0
12/14/12,21:39:12,R,After,RepKayGranger,"My thoughts and prayers are with the families affected by the tragic events that transpired in #Newtown, CT.  We are mourning with you.",Newtown,0.392,White,0
6/12/16,16:16:00,R,After,RepMcCaul,My statement on senseless tragedy in #Orlando is here: https://t.co/Xpl6oX6Rhe,Orlando,0.449,Other,0
6/12/16,15:44:41,R,After,RepMcCaul,"Our thoughts and prayers are with the victims of this senseless tragedy, their families, and the people of Orlando.",,0.449,Other,0
10/2/15,16:02:39,R,After,RepMcCaul,Yesterday's shooting was a tragedy. We need to address the mental health crisis in this country: https://t.co/0MPViDkxPM,,0.449,White,0
4/3/14,2:31:49,R,After,RepMcCaul,Tragedy has struck Ft. Hood for the second time in 5 years. My thoughts &amp; prayers are with the victims and families. http://t.co/YJ3xjy7GDQ.,,0.449,Latino,0
12/14/12,18:18:50,R,After,CongCulberson,My thoughts and prayers are with the families affected by the senseless tragedy in Connecticut.,,0.504,White,0
7/8/16,17:24:48,R,After,RepJoeBarton,"On the House Floor to talk about the tragic shooting in Dallas and particularly Brent Thompson of Corsicana 

https://t.co/5Mm4b2IZJh",,0.528,Black,0
6/18/15,16:47:23,R,After,RepRatcliffe,My thoughts and prayers go out to the families and folks impacted in the #SouthCarolina tragedy.,SouthCarolina,0.746,White,0
6/12/16,15:58:21,R,After,RepHensarling,Thoughts &amp; prayers w/ victims of ORL mass shooting. Thankful for law enforcement who prevented further tragedy #OrlandoNightclubShooting,OrlandoNightclubShooting,0.703,Other,0
6/18/15,14:10:37,R,After,JudgeTedPoe,My thoughts and prayers are with everyone affected by this horrific and senseless tragedy in Charleston.... http://t.co/yLZChUpvlA,,0.594,White,0
6/12/16,17:42:39,R,After,RepMiaLove,Reports say #OrlandoShooting suspect pledged allegiance to ISIS. My thoughts and prayers to innocent victims and families in this tragedy.,OrlandoShooting,0.565,Other,0
6/12/16,13:07:50,R,After,RepChrisStewart,Praying for those affected by the #Orlando nightclub shooting. Very tragic. #utpol,Orlando utpol,0.518,Other,0
4/3/14,14:22:26,R,After,RepChrisStewart,My thoughts and prayers are with those affected by the fort hood tragedy http://t.co/8TsQ7NyT3O,,0.518,Latino,0
9/16/13,14:59:24,R,After,RepChrisStewart,My thoughts and prayers are with those affected by the Washington Navy Yard tragedy,,0.518,Black,0
7/8/16,10:27:06,R,After,RepDaveBrat,Heartbroken over the tragedy in #Dallas. My thoughts and prayers go out to the victims and those injured.,Dallas,0.83,Black,0
7/16/15,20:31:02,R,After,RepRobertHurt,Praying for the families of our fallen Marines in Chattanooga - a tragic attack on those who sacrifice so much for our freedom.,,0.568,Other,0
12/14/12,19:11:04,R,After,RepRobertHurt,"Our thoughts &amp; prayers are with all of those in Newton, CT who are affected by the horrible &amp; senseless tragedy that has taken place today",,0.568,White,0
7/20/12,14:46:52,R,After,RepRobertHurt,"Our thoughts &amp; prayers are with the victims, their families, the Colorado community, &amp; all affected by the senseless tragedy in Aurora",,0.568,White,0
6/18/15,14:44:53,R,After,RepScottRigell,Sobered by the news of out Charleston. My thoughts &amp; prayers are w/ the families who lost loved ones &amp; all grieving this tragic loss of life,,0.405,White,0
9/16/13,17:18:17,R,After,EricCantor,Deeply saddened by the tragedy at Navy Yard. Praying for all victims and families. Thankful for bravery of first responders on the scene.,,0.518,White,0
12/14/12,19:24:45,R,After,Randy_Forbes,I am saddened by today's shooting in Connecticut. My thoughts and prayers go out to all the famillies affected by this senseless tragedy.,,0.407,White,0
7/20/12,13:57:44,R,After,Randy_Forbes,Saddened by the violence in Colorado. My thoughts and prayers go out to all the victims and their families of this senseless tragedy.,,0.407,White,0
4/3/14,0:21:31,R,After,RobWittman,Heartfelt sorrow tonight for those affected by the tragedy at Fort Hood.,,0.423,Latino,0
12/14/12,22:19:00,R,After,RobWittman,"My heart goes out to all of those affected by the horrible, senseless tragedy today in Newtown, Connecticut.",,0.423,White,0
7/20/12,14:16:22,R,After,RobWittman,"Saddened this morning to hear of the unthinkable tragedy in Colorado. Deepest condolences, thoughts and prayers to victims and families",,0.423,White,0
7/8/16,15:45:00,R,After,davereichert,Stunned &amp; heartbroken about the terrible tragedy in #Dallas Praying for the loved ones of the deceased &amp; for those recovering from wounds.,Dallas,0.223,Black,0
11/28/15,5:02:36,R,After,davereichert,"Tonight my prayers are with the victims of today's shootings including #GarretSwasey, a brave officer tragically killed in the line of duty.",GarretSwasey,0.223,White,0
7/16/15,21:36:21,R,After,davereichert,My thoughts and prayers are with the families of the 4 Marines so tragically murdered in today’s shooting in Chattanooga #SemperFi,SemperFi,0.223,Other,0
10/24/14,19:37:53,R,After,davereichert,"Am closely monitoring the tragic reports from the  #Marysville High School shooting. Prayers with the students, staff, and families",Marysville,0.223,Native American,0
12/14/12,21:47:45,R,After,davereichert,My thoughts and prayers are with the families of the CT tragedy. #SandyHook #PrayforNewtown,SandyHook PrayforNewtown,0.223,White,0
9/16/13,19:45:50,R,After,DocHastings,"Truly tragic news coming out of Washington, DC today. My thoughts are with all involved at the #NavyYardShooting this morning.",NavyYardShooting,0.416,Black,0
12/14/12,19:40:13,R,After,DocHastings,"My thoughts and prayers go out to all of the children, teachers and families affected by the tragedy at Sandy Hook Elementary School.",,0.416,White,0
7/20/12,16:23:23,R,After,DocHastings,"My thoughts and prayers are with the victims and families affected by the tragic shooting in Aurora, CO earlier this morning",,0.416,White,0
7/16/15,20:33:06,R,After,RepRibble,Thinking of our #Marines and their families after tragedy in TN. #Chattanooga #ChattanoogaShooting,Marines Chattanooga ChattanoogaShooting,0.603,Black,0
6/12/16,18:14:02,R,After,RepEvanJenkins,"The news out of Orlando is tragic, and we pray for the victims, the injured, and their families and friends.",,0.522,Other,0
6/12/16,15:03:46,R,After,SenDanSullivan,Horrified by the tragedy this morning in Florida. Thoughts &amp; prayers with the state &amp; families of the victims.,,0.467,Other,0
6/12/16,15:03:46,R,After,SenShelby,"Deeply saddened by the horrific tragedy in Orlando. My thoughts &amp; prayers are with the victims, their families, &amp; the first responders.",,0.433,Other,0
12/14/12,15:03:46,R,After,JohnBoozman,Praying for victims &amp; all those affected by this senseless tragedy in CT.,,0.402,White,0
7/20/12,15:03:46,R,After,JohnBoozman,"The victims, their families &amp; the community of Aurora in our thoughts &amp; prayers after the tragic shooting in Colorado",,0.402,White,0
6/12/16,15:03:46,R,After,JeffFlake,Following horrific events in Orlando. Deep sorrow for the victims of this tragedy.,,0.855,Other,0
12/14/12,15:03:46,R,After,JeffFlake,Deeply saddened by the tragic and senseless school shooting in CT. My thoughts and prayers are with the victims and their families.,,0.855,White,0
12/14/12,15:03:46,R,After,George_LeMieux,"Thoughts and prayers for those harmed by senseless tragedy in
#Newtown. May God bless all.",Newtown,0.34,White,0
7/8/16,15:03:46,R,After,sendavidperdue,"It's time to counter tragedy with compassion, hate with love, and frustration with patience. #StandUnited https://t.co/37gErXxOUl",StandUnited,0.635,Black,0
7/8/16,15:03:46,R,After,sendavidperdue,Such horrific &amp; senseless violence has to end.Our hearts break for all of the victims &amp; families dealing w/tragedy right now.#PrayForAmerica,PrayForAmerica,0.635,Black,0
6/13/16,15:03:46,R,After,sendavidperdue,Hope you can join me in honoring the victims of the #Orlando tragedy with a moment of silence at 4:00 p.m.,Orlando,0.635,Other,0
10/2/15,15:03:46,R,After,sendavidperdue,Bonnie and I are keeping our thoughts and prayers with @umpquacc and all affected by this terrible tragedy. #StandWithUCC,StandWithUCC,0.635,White,0
6/18/15,15:03:46,R,After,sendavidperdue,Joined a prayer vigil at the Capitol for the people of #Charleston and the victims' families after this tragedy. http://t.co/8Jczvl1p7H,Charleston,0.635,White,0
4/3/14,15:03:46,R,After,SaxbyChambliss,Sending my thoughts and prayers to the victims and their families of the tragedy at Fort Hood and to entire the Army community today.,,0.423,Latino,0
7/20/12,15:03:46,R,After,SaxbyChambliss,I am deeply saddened at the horrible tragedy and senseless loss of life in Colorado last night.  My prayers go... http://t.co/0xYDIThl,,0.423,White,0
7/17/16,15:03:46,R,After,SenDanCoats,A tragic day in #BatonRouge. Praying for the police officers and families affected by the violence in Louisiana,BatonRouge,0.375,Black,0
7/8/16,15:03:46,R,After,SenDanCoats,"Our nation is hurting, and I mourn with the many who have lost loved ones or experienced tragedy",,0.375,Black,0
7/8/16,15:03:46,R,After,SenDanCoats,"Sadly, this week the fragility of human life has been reinforced to all Americans through tragic events in Baton Rouge, St. Paul + Dallas",,0.375,Black,0
6/12/16,15:03:46,R,After,SenDanCoats,I am saddened by the tragic news from Orlando this morning. Thinking of those who lost a loved one to senseless violence,,0.375,Other,0
4/3/14,15:03:46,R,After,SenDanCoats,Terrible tragedy tonight at Fort Hood. Prayers for those injured and those who lost a loved one,,0.375,Latino,0
6/13/16,15:03:46,R,After,SenateMajLdr,The #Senate will hold a moment of silence at 4:00 PM this afternoon to honor the victims of the #Orlando tragedy.,Senate Orlando,0.404,Other,0
6/18/15,15:03:46,R,After,SenateMajLdr,The news out of #Charleston is tragic. That something like this could occur at a house of worship makes it that much worse. (1/2),Charleston,0.404,White,0
9/16/13,15:03:46,R,After,SenatorWicker,My thoughts and prayers are with the victims and first responders involved in the tragic shooting today at DC's #NavyYard.,NavyYard,0.377,Black,0
7/8/16,15:03:46,R,After,SenThomTillis,My statement on the tragedy in #Dallas https://t.co/wGUWQ23npu https://t.co/g4m72dVLWB,Dallas,0.426,Black,0
6/18/15,15:03:46,R,After,SenThomTillis,Susan and I are praying for everyone affected by the horrific tragedy in Charleston.,,0.426,White,0
6/18/15,15:03:46,R,After,SenatorBurr,My thoughts and prayers are with those lost in the horrific tragedy in Charleston and the family and friends left behind.,,0.453,White,0
7/17/16,15:03:46,R,After,SenatorLankford,Today's cowardly murder of #BatonRouge police is another senseless national tragedy. We all mourn their loss. Attacks on police must end.,BatonRouge,0.57,Black,0
6/12/16,15:03:46,R,After,SenatorLankford,"The massacre shooting in Orlando is a horrific tragedy. I pray for the victims, their families &amp; community, who must be terribly shaken.",,0.57,Other,0
6/18/15,15:03:46,R,After,SenatorLankford,My heart grieves with the #Charleston community &amp; Emanuel AME church. The #CharlestonShooting is a senseless tragedy! #PrayForCharleston,Charleston CharlestonShooting PrayForCharleston,0.57,White,0
4/3/14,15:03:46,R,After,SenatorLankford,Please continue to pray for everyone impacted by Wednesday's tragedy at Ft. Hood.,,0.57,Latino,0
6/18/15,15:03:46,R,After,SenToomey,#CharlestonShooting is a terrible tragedy. Strong community and leaders will guide the city through this. All impacted are in my thoughts.,CharlestonShooting,0.631,White,0
6/12/16,15:03:46,R,After,SenJohnThune,Unthinkable tragedy in Orlando. Joining entire nation in mourning the loss of so many lives. Praying for their loved ones &amp; the community.,,0.409,Other,0
6/12/16,15:03:46,R,After,SenatorRounds,Jean and I are sending our thoughts and prayers to all those affected by the tragedy in Orlando.,,0.393,Other,0
7/8/16,15:03:46,R,After,SenBobCorker,"Our country has been shaken by senseless violence this week, and I am horrified by the tragedy that unfolded overnight in Dallas.",,0.394,Black,0
6/12/16,15:03:46,R,After,SenBobCorker,"Saddened by the tragedy that occurred overnight in Orlando. Praying for the victims, their families, and our dedicated first responders.",,0.394,Other,0
7/20/12,15:03:46,R,After,kaybaileyhutch,My thoughts and prayers are with those affected by the tragic shooting this morning in Colorado,,0.356,White,0
9/16/13,15:03:46,R,After,OrrinHatch,Elaine and I extend our thoughts and prayers to all those affected by today's tragic act of violence at the Navy Yard. Just senseless.,,0.382,Black,0
7/8/16,15:03:46,R,After,SenRonJohnson,My thoughts and prayers are w/ the victims of the tragedy in Dallas. A sobering reminder of the bravery of our men and women in uniform - rj,,0.598,Black,0
12/2/15,15:03:46,R,After,SenRonJohnson,Yet another tragedy. My thoughts and prayers go out to California. Will continue to watch the developments. - rj,,0.598,Other,0
7/8/16,15:03:46,R,After,SenCapito,Devastated for the families of the officers who were tragically killed last night and praying for the wounded.,,0.259,Black,0
7/20/12,15:03:46,R,After,SenJohnBarrasso,"Bobbi &amp; I join folks from all over Wyoming in sending our thoughts &amp; prayers to the victims, families, and all impacted by the tragedy in CO",,0.53,White,0
1/8/11,20:32:26,D,After,BradSherman,"the shooting of my colleague and friend, Congresswoman Gabrielle Giffords, and others in Arizona today is a tragedy.",,-0.341,White,0