Name,State,Republican_Democrat,House_Senate,Years_in_office ,Joined_Twitter,Twitter_ID,,Tweets
Jo Bonner,Alabama,R,H,2003-2013,NA,NA,,
Terry Everett,Alabama,R,H,1993-2009,NA,NA,,
Mike D Rogers,Alabama,R,H,2003-Present,9-Apr,@RepMikeRogersAL,,3823
Robert Aderholt,Alabama,R,H,1997-Present,9-Sep,@Robert_Aderholt,,
Bud Cramer,Alabama,D,H,1991-2009,NA,NA,,
Spencer Bachus,Alabama,R,H,2007-2013,9-Sep,@BachusAL06,,
Artur Davis,Alabama,D,H,2003-2011,9-Jan,@ArturDavis,,
Bobby Bright,Alabama,D,H,2009-2011,NA,NA,,
Parker Griffith,Alabama,R,H,2009-2011,10-Jan,@Rep_P_Griffith,,
Martha Roby,Alabama,R,H,2001-present,10-Dec,@RepMarthaRoby,,7790
Mo Brooks,Alabama,R,H,2011- present,11-Jan,@RepMoBrooks,,
Terri Sewell,Alabama,D,H,2011- present,11-Sep,@RepTerriSewell,,4576
Bradley Byren,Alabama,R,H,2013-Present,13-Dec,@RepByrne,,12.3K
Gary Palmer,Alabama,R,H,2015-Present,14-Nov,@USRepGaryPalmer,,
Don Young,Alaska,R,H,1973-Present,9-May,@repdonyoung,,
Rick Renzi,Arizona,R,H,2003-2009,NA,NA,,
Trent Franks,Arizona,R,H,2013-2017,NA,NA,,
John Shadegg,Arizona,R,H,2003-2011,9-Sep,@RepJohnShadegg,,
Ed Pastor,Arizona,D,H,1991-2015,NA,NA,,
Harry Mitchell,Arizona,D,H,2007-2011,NA,NA,,
Jeff Flake,Arizona,R,H,2001-2013,ALREADY IN SENATE ,,,
Raul M. Grijalva,Arizona,D,H,2003-Present,9-Apr,@RepRaulGrijalva,,3892
Gabrielle Giffords,Arizona,D,H,2001-2012,9-Jun,@GabbyGiffords,,
Ann Kirkpatrick,Arizona,D,H,2005-2017,11-Mar,@Ann_Kirkpatrick,,
Paul Gosar,Arizona,R,H,2013-Present,11-Jan,@RepGosar,,8700
Ben Quayle,Arizona,R,H,2011-2013,,Not sure about the account,,
David Schweikert,Arizona,R,H,2011- present,10-Dec,@RepDavid,,3403
Ron Barber,Arizona,D,H,2012-2015,NA,NA,,
Krysten Sinema,Arizona,D ,H,2013-Present,13-Jan,@RepSinema,,10.9k
Martha McSally,Arizona,R,H,2015-Present,15-Jan,@RepMcSally,,
Matt Salmon,Arizona,R,H,2013-2017,11-Apr,@salmoncongress,,
Ruben Gallego,Arizona,D,H,2011- present,11-Apr,@RepRubenGallego,,
Marion Berry,Arkansas,D,H,1997-2011,NA,NA,,
Vic Snyder,Arkansas,D,H,1997-2011,NA,NA,,
John Boozman,Arkansas,R,H,2001-2011,7-Apr,ALREADY IN THE SENATE,,3949
Mike Ross,Arkansas,D,H,2001-2013,NA,NA,,
Rick Crawford,Arkansas,R,H,2011- present,11-Jan,@RepRickCrawford,,4595
Tim Griffin(Now Governor),Arkansas,R,H,2011-2015,10-Oct,@LtGovTimGriffin,,7749
Steve Womack,Arkansas,R,H,2011- present,11-Jan,@rep_stevewomack,,5336
Tom Cotton,Arkansas,R,H,2013-2015,,ALREADY IN THE SENATE,,7773
French Hill,Arkansas,R,H,2015-Present,14-Dec,@RepFrenchHill,,
Bruce Westerman,Arkansas,R,H,2015-Present,14-Oct,@RepWesterman,,4215
Mike Thompson,California,D ,H,1999-Present,11-May,@RepThompson,,6381
Wally Herger,California,R,H,1987-2013,NA,NOT VERIFIED,,
Dan Lungren,California,R,H,2005-2013,11-Sep,@RepDanLungren,,
Lynn Woolsey,California,D,H,1993-2013,NA,NA,,
Doris Matsui,California,D,H,2005-present,9-May,@DorisMatsui,,
George Miller,California,D ,H,1975-2015,NA,NA,,
Nancy Pelosi,California,D,H,1987-Present,8-Aug,@NancyPelosi,,7397
Barbara Lee,California,D,H,1990-Present,11-Feb,@RepBarbaraLee,,7645
Ellen Tauscher,California,D,H,1997-2012,Joined after losing office,,,
Jerry McNerney,California,D,H,2007-Present,11-Oct,@RepMcNerney,,
Tom Lantos,California,D,H,2007-2008,,,,
Jackie Speier,California,D,H,Bunch of times but 2013-present,9-Mar,@RepSpeier,,4599
Peter Stark,California,D,H,1973-2013,NA,NA,,
Anna Eshoo,California,D,H,1993-Present,11-Feb,@RepAnnaEshoo,,
Mike Honda,California,D,H,1996-2017,8-Oct,@RepMikeHonda,,
Zoe Lofgren,California,D,H,1995-Present,11-Mar,@RepZoeLofgren,,
Sam Farr,California,D,H,1980-2017,NA,NA,,
Dennis Cardoza,California,D,H,1996-2012,10-Jan,@RepCardoza,,
George Radanovich,California,R,H,1995-2011,9-Feb,@RepRadanovich,,
Jim Costa,California,D,H,2005-Present,11-Jan,@RepJimCosta,,
Devin Nunes,California,R,H,2003-Present,9-Jul,@DevinNunes,,
Kevin McCarthy,California,R,H,2004-Present,9-Jan,@GOPLeader,,9414
Lois Capps,California,D ,H,1998-2017,11-May,@RepLoisCapps,,
Elton Gallegly,California,R,H,1987-2013,9-May,@eltongallegly24,ACCESS DENIED,
Howard McKeon,California,R,H,1993-2015,NA,NOT VERIFIED,,
David Dreier,California,R,H,1981-2013,NA,NOT VERIFIED,,
Howard Berman,California,D ,H,Bunch of times but 2003-20013,NA,NA,,
Adam Schiff,California,D ,H,1996-present,9-Apr,@RepAdamSchiff,,4550
Brad Sherman,California,D,H,1997-Present,9-Apr,@BradSherman,,
Henry Waxman,California,D ,H,1975-2015,12-Aug,@WaxmanClimate,,
Xavier Becerra,California,D ,H,1992-2017,10-Apr,@AGBecerra,,4315
Hilda Solis,California,D,H,2003-2009 and 2014-Present,14-Mar,@HildaSolis,,7422
Diane Watson,California,D,H,2001-2011,NA,NA,,
Lucille Roybal-Allard,California,D,H,1993-Present,12-Jan,@RepRoybalAllard,,4385
Maxine Waters,California,D,H,1991-Present,9-Apr,@RepMaxineWaters,,
Jane Harman,California,D ,H,2001-present,NA,NA,,
Juanita Millender-McDonald,California,D,H,Jan-April 2007,NA,NA,,
Laura Richardson,California,D,H,Aug 2007-2013,NA,NA,,
Grace Napolitano,California,D,H,1999-Present,10-Jun,@gracenapolitano,,
Linda Sanchez,California,D,H,2003-Present,11-Jun,@RepLindaSanchez,,
Edward R. Royce,California,R,H,1993-Present,11-Feb,@RepEdRoyce,,4193
Jerry Lewis,California,R,H,1969-2013,NA,NA,,
Gary Miller,California,R,H,1995-2015,NA,NA,,
Joe Baca,California,D,H,1998-2013,NA,NA,,
Ken Calvert,California,R,H,1993-Present,9-Mar,@KenCalvert,,4725
Mary Bono,California,R,H,1998-2013,9-Jan,@MaryBonoUSA,,7232
Dana Rohrabacher,California,R,H,1989-Present,9-Jan,@DanaRohrabacher,,13k
Loretta Sanchez,California,D,H,1997-2017,10-Jan,@LorettaSanchez,,
John Campbell,California,R,H,2000-2015,NA,NA,,
Darrell Issa,California,R,H,2001-present,9-Mar,@DarrellIssa,,21.2k
Brian Bibray,California,R,H,2006-2013,9-Jul,@BilbrayCA50,,
Bob Filner,California,D,H,1993-2012,Joined after losing office,,,
Duncan Lee Hunter,California,R,H,1981-2009,NA,NA,,
Susan Davis,California,D,H,2001-Present,11-Dec,@RepSusanDavis,,
Duncan Hunter,California,R,H,2008-Present,13-Mar,@Rep_Hunter,,
Tom McClintock,California,R,H,2009-Present,9-Jun,@RepMcClintock,,
John Garamendi,California,D,H,2009-Present,9-Nov,@RepGaramendi,,12.1k
Judy Chu,California,D,H,2009-Present,10-Sep,@RepJudyChu,,4382
Jeff Denham,California,R,H,2002-Present,11-Feb,@RepJeffDenham,,
Karen Bass,California,D ,H,2004-Present,11-Jan,@RepKarenBass,,4208
Janice Hahn,California,D ,H,2011-2016,11-Jul,@SupJaniceHahn,,5409
Doug LaMalfa,California,R,H,"2002-2008, 2010-2012, 2013-Present",13-Jan,@RepLaMalfa,,
Jared Huffman,California,D ,H,2006-Present,13-Jan,@RepHuffman,,
Ami Bera,California,D ,H,2013-Present,12-Nov,@RepBera,,
Paul Cook,California,R,H,2006-Present,13-Jan,@RepPaulCook,,
Eric Swalwell,California,D ,H,2013-Present,12-Nov,@RepSwalwell,,
David Valadao,California,R,H,2013-Present,13-Jan,@RepDavidValadao,,
Julia Brownley,California,D,H,2006-Present,13-Mar,@JuliaBrownley26,,3129
Tony Cardenas,California,D,H,2013-Present,13-Feb,@RepCardenas,,7003
Gloria Negrete McLeod,California,D ,H,2013-2015,12-Aug,@Negrete_McLeod,,
Raul Ruiz,California,D,H,2013-Present,13-Jan,@CongressmanRuiz,,
Mark Takano,California,D,H,2013-Present,12-Dec,@RepMarkTakano,,
Alen Lowenthal,California,D,H,2004-Present,13-Jan,@RepLowenthal,,3385
Juan Vargas,California,D,H,2013-Present,13-Mar,@RepJuanVargas,,
Scott Peters,California,D,H,2013-Present,13-Jan,@RepScottPeters,,8507
Mark DeSaulnier,California,D ,H,2015-Present,15-Jan,@RepDeSaulnier,,
Ted Lieu,California,D,H,2015-Present,9-Feb,@tedlieu,,17.7k
Norma Torres,California,D ,H,2015-Present,11-Jan,@NormaJTorres,,5771
Mimi Walters,California,R,H,2015-Present,9-Jun,@RepMimiWalters,,4440
Diana Degette,Colorado,D,H,1992-Present,9-Apr,@RepDianaDeGette,,4073
Mark Udall,Colorado,D,H,1997-2009,ALREADY IN SENATE,,,
John Salazar,Colorado,D ,H,2005-2011,NA,NA,,
Marilyn Musgrave,Colorado,R,H,2003-2009,NA,NA,,
Doug Lamborn,Colorado,R,H,2007-Present,12-May,@RepDLamborn,,4198
Thomas G Tancredo,Colorado,R,H,1999-2009,NA,NA,,
Ed Perlmutter,Colorado,D,H,2007-Present,9-Feb,@RepPerlmutter,,4106
Jared Polis,Colorado,D,H,2009-Present,12-Jan,@RepJaredPolis,,
Betsy Markey,Colorado,D,H,2009-2011,9-Jun,@BetsyMarkey,,
Mike Coffman,Colorado,R,H,2009-Present,9-Jan,@RepMikeCoffman,,3346
Scott Tipton,Colorado,R,H,2009-Present,11-Jan,@RepTipton,,
Cory Gardner,Colorado,R,H,2005-2015,11-Jan,ALREADY IN THE SENATE,,
Ken Buck,Colorado,R,H,2015-Present,14-Nov,@RepKenBuck,,
John Larson,Connecticut,D ,H,1999-Present,9-Jun,@RepJohnLarson,,
Joe Courtney,Connecticut,D ,H,2007-Present,9-Oct,@RepJoeCourtney,,5559
Rosa DeLauro,Connecticut,D ,H,1991-Present,10-May,@rosadelauro,,6103
Chrsitopher Shays,Connecticut,R,H,1987-2009,NA,NA,,
Chris Murphy,Connecticut,D,H,1999-2013,,ALREADY IN THE SENATE,,
Jim Himes,Connecticut,D ,H,2009-Present,9-Apr,@jahimes,,8737
Elizabeth Esty,Connecticut,D,H,"2009-2011, 2013-Present",13-Jan,@RepEsty,,
Michael N. Castle,Delaware,R,H,1993-2011,NA,NA,,
John Carney,Delaware,D,H,2011-2017,11-Jan,@JohnCarneyDE,,
Jeff Miller,Florida,R,H,2001-2017,13-Jan,@RepJeffMiller,,
Allen Boyd,Florida,D ,H,1997-2011,NA,NA,,
Ginny Brown-Waite,Florida,R,H,2003-2011,NA,NA,,
Ander Crenshaw,Florida,R,H,2001-2017,9-Feb,@AnderCrenshaw,,
Corrine Brown,Florida,D,H,1982-2017,,NOT VERIFIED,,
Cliff Stearns,Florida,R,H,1989-2013,9-Feb,@RepCliffStearns,,
John Mica,Florida,R,H,1993-2017,NA,NA,,
Rick Keller,Florida,R,H,2001-2009,NA,NA,,
Gus Billirakis,Florida,R,H,1998-Present,9-Mar,@RepGusBilirakis,,
Bill Young,Florida,R,H,1971-2013,NA,NA,,
Kathy Castor,Florida,D ,H,2007-Present,13-Sep,@USRepKCastor,,4482
Adam Putnam,Florida,R,H,2011- present,9-Jun,@adamputnam,,4403
Vern Buchanan,Florida,R,H,2007-Present,9-Feb,@VernBuchanan,,
Connie Mack IV,Florida,R,H,2005-2013,9-Sep,@RepConnieMack,,
Dave Weldon,Florida,R,H,1995-2009,NA,NA,,
Alan Grayson,Florida,D ,H,"2009-2011, 2013-2017",9-May,@AlanGrayson,,
Bill Posey,Florida,R,H,2009-present,9-Mar,@congbillposey,,
Tim Mahoney,Florida,D,H,2007-2009,NA,NA,,
Kendrick Meek,Florida,D,H,2003-2011,NA,NA,,
Ileana Ros-Lehtinen,Florida,R,H,1989-Present,8-Apr,@RosLehtinen,,28.9k
Robert Wexler,Florida,D ,H,1997-2010,NA,NA,,
Debbie Wasserman Schultz,Florida,D ,H,2005-Present,10-Feb,@DWStweets,,9815
Tom Rooney,Florida,R,H,2009-Present,9-Mar,@TomRooney,,
Ted Deutch,Florida,D ,H,2010-Present,10-Apr,@RepTedDeutch,,6334
Steve Southerland,Florida,R,H,2011-2015,11-Jan,@Rep_Southerland,,
Rich Nugnet,Florida,R,H,2011-2017,11-Jan,@RepRichNugent,,
Daniel Webster,Florida,R,H,"1998-2008, 2011-present",11-Apr,@RepWebster,,3194
Dennis Ross,Florida,R,H,"2000-2008, 2011-Present",9-Apr,@RepDennisRoss,,13k
Frederica Wilson,Florida,D ,H,1998-Present,11-Jan,@RepWilson,,10.8k
Ted Yoho,Florida,R,H,2013-Present,13-Jan,@RepTedYoho,,
Ron DeSantis,Florida,R,H,2013-Present,13-Jan,@RepDeSantis,,
David Jolly,Florida,R,H,2014-2017,14-May,@USRepDavidJolly,,
Patrick Murphy,Florida,D ,H,2013-2017,11-Mar,@PatrickMurphyFL,,16.2k
Curt Clawson,Florida,R,H,2014-2017,14-Aug,@RepCurtClawson,,
Alcee Hastings,Florida,D ,H,1993-present,14-Apr,@RepHastingsFL,,
Gwen Graham,Florida,D ,H,2015-2017,13-Mar,@GwenGraham,,
Lincoln Diaz-Balart,Florida,R,H,1993-2011,Joined after losing office,,,
Ron Klein,Florida,D ,H,2007-2011,NA,NA,,
Tom Feeney,Florida,R,H,2003-2009,NA,NA,,
Mario Diaz-Balart,Florida,R,H,2003-Present,9-May,@MarioDB,,6065
Suzanne Kosmas,Florida,D ,H,2009-2011,NA,NA,,
Allen West,Florida,R,H,2011-2013,11-Jan,@AllenWest,,11.5k
Sandy Adams,Florida,R,H,2003-2013,10-Nov,@RepSandyAdams,,
David Rivera,Florida,R,H,2002-2013,11-Jan,@RepRivera,,
Trey Radel,Florida,R,H,Jan 2013-Jan 2014,8-Nov,@treyradel,,8849
Lois Frankel,Florida,D ,H,2013-Present,13-Jan,@RepLoisFrankel,,5020
Joe Garcia,Florida,D ,H,2013-2015,12-Nov,@RepJoeGarcia,,
Carlos Curbelo,Florida,R,H,2015-Present,14-Oct,@RepCurbelo,,3365
Jack Kingston,Georgia,R,H,1985-2015,9-Apr,@JackKingston,,4189
Sanford Bishop,Georgia,D ,H,1991-Present,11-Feb,@SanfordBishop,,
Lynn Westmoreland,Georgia,R,H,2005-2017,10-Apr,NOT VERIFIED @Westmoreland_GA,,
Hank Johnson,Georgia,D ,H,2007-Present,March 2-009,@RepHankJohnson,,4545
John Lewis,Georgia,D,H,1987-Present,9-Apr,@repjohnlewis,,
Tom Price,Georgia,R,H,2005-2017,Joined after losing office,,,
John Linder,Georgia,R,H,1993-2011,NA,NA,,
Jim Marshall,Georgia,D,H,2003-2011,NA,Na,,
Nathan Deal,Georgia,R,H,2007-2010,Joined when becoming governor,,,
Charlie Norwood,Georgia,R,H,DIED in Feb 2007,NA,Na,,
Paul Broun,Georgia,R,H,2007-2015,9-Jan,@PaulBrounMD,,
Phil Gingrey,Georgia,R,H,2003-2015,9-Apr,@DrPhilGingrey,,
John Barrow,Georgia,D,H,2005-2015,NA,,,
David Scott,Georgia,D,H,2003-Present,10-Jul,@repdavidscott,,
Tom Graves,Georgia,R,H,2003-Present,10-Sep,@RepTomGraves,,3794
Rob Woodall,Georgia,R,H,2011- present,14-Mar,@RepRobWoodall,,
Austin Scott,Georgia,R,H,1996-Present,11-Jan,@AustinScottGA08,,
Doug Collins,Georgia,R,H,2013-Present,13-Jan,@RepDougCollins,,3341
Buddy Carter,Georgia,R,H,"2005-2009, 2015-Present",15-Jan,@RepBuddyCarter,,
Jody Hice,Georgia,R,H,2015-Present,,@CongressmanHice,,
Barry Loudermilk,Georgia,R,H,2015-Present,14-Dec,@RepLoudermilk,,
Rick Allen,Georgia,R,H,2015-Present,15-Jan,@RepRickAllen,,
Neil Abercrombie,Hawaii,D ,H,1991-2010,7-Nov,@neilabercrombie,,7140
Mazie Hirono,Hawaii,D,H,2007-2013,,ALREADY IN THE SENATE,,
Charles Djou,Hawaii,R,H,May 2010-Jan 2011,9-Mar,NOT VERIFIED@Djou4Hawaii,,
Colleen Hanabusa,Hawaii,D ,H,"Jan 2011-2015, Nov 2016-Present",11-Jan,@RepHanabusa,,
Tulsi Gabbard,Hawaii,D ,H,2013-Present,13-Jan,@TulsiPress,,3747
Mark Takai,Hawaii,D ,H,1994-2016,15-Jan,@RepMarkTakai,,
William Sali,Idaho,R,H,1990-2009,NA,NA,,
Michael K. Simpson,Idaho,R,H,1992-Present,9-Sep,@CongMikeSimpson,,
Walt Minnick,Idaho,D ,H,2009-2011,NA,NA,,
Raul Labrador,Idaho,R,H,2006-Present,11-Feb,@Raul_Labrador,,
Bobby Rush,Illinois,D,H,1993-present,11-May,@RepBobbyRush,,
Jesse Jackson Jr,Illinois,D ,H,1995-2012,NA,NA,,
Dan Lipinski,Illinois,D,H,2005-Present,12-Dec,@RepLipinski,,
Luis Gutierrez,Illinois,D,H,1993-Present,9-May,@RepGutierrez,,5756
Rahm Emanuel,Illinois,D,H,2011- present,10-Oct,@RahmEmanuel,,
Michael Quigley,Illinois,D ,H,2009-Present,9-Jul,@RepMikeQuigley,,10.3k
Robin Kelly,Illinois,D ,H,2013-Present,13-Apr,@RepRobinKelly,,
Peter Roskam,Illinois,R,H,2000-present,9-Feb,@PeterRoskam,,6979
Danny K. Davis,Illinois,D,H,1997-present,12-Aug,@RepDannyDavis,,
Melissa Bean,Illinois,D,H,2005-2011,NA,NA,,
Janice Schakowsky,Illinois,D,H,1999-present,9-Mar,@janschakowsky,,6353
Mark Steven Kirk,Illinois,R,H,2001-2010,,ALREADY IN THE SENATE,,
Joe Walsh,Illinois,R,H,2011-2013,11-Jan,@WalshFreedom,,
Bob Dold,Illinois,R,H,2011-2017,11-Jan,@RepDold,,3561
Tammy Duckworth,Illinois,D ,H,2013-2017,,ALREADY IN THE SENATE,,3901
Brad Schneider,Illinois,D ,H,"2013-2015, then 2017-present",13-Jan,@RepSchneider,,
Jerry Weller,Illinois,R,H,1995-2009,NA,NA,,
Jerry Costello,Illinois,D ,H,1993-2013,NA,NA,,
Judy Biggert,Illinois,R,H,1993-2013,,,,
Bill Foster,Illinois,D,H,"2008-2011, then 2013-present",13-Jan,@RepBillFoster,,
Timothy Johnson,Illinois,R,H,2001-2013,NA,NA,,
Donald Manzullo,Illinois,R,H,1993-2013,NA,NA,,
Philip Hare,Illinois,D,H,2007-2011,NA,NA,,
Ray LaHood,Illinois,R,H,1995-2009,Joined after losing office,,,
John Shimkus,Illinois,R,H,1997-present,8-Jul,@RepShimkus,,10.4k
Aaron Schock,Illinois,R,H,2005-2015,9-Mar,@aaronschock,,
Debbie Halvorson,Illinois,D,H,1997-2011,NA,NA ,,
Adam Kinzinger,Illinois,R,H,2011- present,10-Nov,@RepKinzinger,,7299
Randy Hultgren,Illinois,R,H,1998-Present,11-Jan,@RepHultgren,,4843
Bobby Schilling,Illinois,R,H,2011-2013,9-Jun,NOT VERIFIED,,
William Enyart,Illinois,D,H,2013-2015,NA,NA,,
Rodney L. Davis,Illinois,R,H,2013-Present,12-Dec,@RodneyDavis,,4909
Cheri Bustos,Illinois,D ,H,2013-Present,13-Jan,@RepCheri,,3349
Mike Bost,Illinois,R,H,1995-present,15-Jan,@RepBost,,
Darin Lahood,Illinois,R,H,2011- present,15-Sep,@RepLaHood,,
Pete Visclosky,Indiana,D,H,1985-present,10-Sep,@RepVisclosky,,
Joe Donnelly,Indiana,D,H,2007-2013,,ALREADY IN THE SENATE,,5570
Mark Souder,Indiana,R,H,1995-2010,NA,NA,,
Steve Buyer,Indiana,R,H,1993-2011,NA,NA,,
Dan Burton,Indiana,R,H,1976-2013,NA,NA,,
Mike Pence,Indiana,R,H,2001-2013,9-Feb,@mike_pence,,5370
Julia Carson,Indiana,D ,H,1997-Dec 2007,NA,NA,,
Andre Carson,Indiana,D ,H,2008-present,10-Oct,@RepAndreCarson,,3457
Brad Elssworth,Indiana,D ,H,2007-2011,NA,NA,,
Baron Hill,Indiana,D ,H,2007-2011,NA,NA,,
Marlin Stutzman,Indiana,R,H,2003-2017,10-Nov,@RepStutzman,,
Todd Rokita,Indiana,R,H,2011- present,8-Nov,@ToddRokita,,5979
Larry Bucshon,Indiana,R,H,2011- present,11-Jan,@RepLarryBucshon,,5077
Todd Young,Indiana,R,H,2011-2017,,ALREADY IN THE SENATE,,3918
Jackie Walroski,Indiana,R,H,"2005-2010, then 2013-present",13-Jan,@RepWalorski,,4283
Susan Brooks,Indiana,R,H,2013-Present,13-Jan,@SusanWBrooks,,5338
Luke Messer,Indiana,R,H,2013-Present,12-Dec,@RepLukeMesser,,
Bruce Braley,Iowa,D,H,2007-2015,9-Apr,@BruceBraley,,6247
David Loebsack,Iowa,D,H,2007-present,12-Mar,@daveloebsack,,
Leonard Boswell,Iowa,D,H,1997-2013,9-Feb,@LeonardBoswell,,
Tom Latham,Iowa,R,H,1995-2015,NA,NA,,
Steve King,Iowa,R,H,1997-present,9-Jun,@SteveKingIA,,
Rod Blum,Iowa,R,H,2015-Present,15-Jan,@RepRodBlum,,
David Young,Iowa,R,H,2015-Present,11-Jun,@RepDavidYoung,,447
Jerry Moran,Kansas,R,H,1997-2011,9-Jan,ALREADY IN THE SENATE,,4445
Nancy Boyda,Kansas,R,H,2007-2009,NA,NA,,
Dennis Moore,Kansas,D ,H,1999-2011,NA,NA ,,
Todd Tiahrt,Kansas,R,H,1995-2011,NA,NA,,
Tim Huelskamp,Kansas,R,H,1997-2017,11-Jan,@CongHuelskamp,,7599
Lynn Jenkins,Kansas,R,H,2009-Present,9-Jan,@RepLynnJenkins,,5744
Kevin Yoder,Kansas,R,H,2011- present,11-Feb,@RepKevinYoder,,7369
Mike Pompeo,Kansas,R,H,2011-2017,NA,NA,,
Ed Whitfield,Kentucky,R,H,1995-2016,11-Jan,@RepEdWhitfield,,
Ron Lewis,Kentucky,R,H,1994-2009,NA,NA,,
John Yarmuth,Kentucky,D ,H,2007-present,11-Oct,@RepJohnYarmuth,,3223
Geoff Davis,Kentucky,R,H,2005-2012,NA,NA,,
Harold Rogers,Kentucky,R,H,1981-Present,12-Apr,RepHalRogers,,3465
Ben Chandler,Kentucky,D ,H,2004-2013,NA,NA,,
Brett Guthrie,Kentucky,R,H,2000-present,13-Sep,@RepGuthrie,,
Thomas Massie,Kentucky,R,H,2012-present,12-Nov,@RepThomasMassie,,
Andy Barr,Kentucky,R,H,2013-Present,13-Jan,@RepAndyBarr,,
James Comer,Kentucky,R,H,2016-present,12-Sep,@KYComer,,
Bobby Jindal,Louisiana,R,H,2005-2008,8-Oct,JOINED AFTER BECOMING THE GOV,,
Steve Scalise,Louisiana,R,H,1996-Present,13-Feb,@SteveScalise,,8001
William J. Jefferson,Louisiana,D,H,1979-2009,NA,NA,,
Charlie Melancon,Louisiana,D,H,2005-2011,NA,NA ,,
Jim McCrery,Louisiana,R,H,1993-2009,NA,NA,,
Rodney Alexander,Louisiana,R,H,1988-2013,NA,NA,,
Richard baker,Louisiana,R,H,1987-2008,NA,NA,,
Don Cazayoux,Louisiana,D,H,2000-2009,NA,NA,,
Charles Boustany,Louisiana,R,H,2005-2017,NA,NA,,
Joseph Cao,Louisiana,R,H,2009-2011,NA,NA,,
John Fleming,Louisiana,R,H,2009-2017,9-Oct,@RepFleming,,
Bill Cassidy,Louisiana,R,H,2006-2015,9-Jul,ALREADY IN THE SENATE,,5141
Cedric Richmond,Louisiana,D,H,2000-present,11-Mar,@RepRichmond,,
Jeff Landry,Louisiana,R,H,2011-2013,10-Nov,@AGJeffLandry,,3165
Vance McAllister,Louisiana,R,H,2013-2015,NA,NOT VERIFIED,,
Ralph Abraham,Louisiana,R,H,2015-Present,15-Jan,@RepAbraham,,
Garret Graves,Louisiana,R,H,2015-Present,14-Dec,@RepGarretGraves,,
Tom Allen,Maine,D,H,1997-2009,NA,NA,,
Mike Michaud,Maine,D ,H,1980-2015,9-Feb,@MikeHMichaud,,
Chellie Pingree,Maine,D,H,2009-Present,8-Jun,@chelliepingree,,3586
Bruce Poliquin,Maine,R,H,2015-Present,14-Dec,@RepPoliquin,,
Wayne Gilchrest,Maryland,R,H,1991-2009,NA,NA,,
Ducth Ruppersberger,Maryland,D,H,2003-Present,11-May,@Call_Me_Dutch,,
John Sarbanes,Maryland,D ,H,2007-present,11-Aug,@RepSarbanes,,
Albert Wynn,Maryland,D,H,1993-2008,NA,NA,,
Steny Hoyer,Maryland,D,H,1981-Present,9-Feb,@WhipHoyer,,15.3k
Roscoe Barlett,Maryland,R,H,1993-2013,NA,NA,,
Elijah Cummings,Maryland,D,H,1996-Present,12-Aug,@RepCummings,,5767
Chris Van Hollen,Maryland,D,H,2009-2011,8-Dec,ALREADY IN THE SENATE,,3665
Andy Harris,Maryland,R,H,1998-Present,12-Nov,@RepAndyHarrisMD,,
Donna Edwards,Maryland,D,H,2008-2017,9-Oct,@repdonnaedwards,,6393
John Delaney,Maryland,D,H,2013-Present,12-Nov,@RepJohnDelaney,,5385
Frank Kratovil,Maryland,D ,H,2009-2011,NA,NA,,
John Olver,Massachusetts,D ,H,1991-2013,NA,NA,,
Richard Neal,Massachusetts,D,H,1989-Present,11-Dec,@RepRichardNeal,,
Jim McGroven,Massachusetts,D,H,1997-present,11-Jan,@RepMcGovern,,8146
Barney Frank,Massachusetts,D,H,1981-Jan 2013,13-Jul,@RepMcGovern,,
Marty Meehan,Massachusetts,D,H,1993-2007,AFTER HE LEFT OFFICE,,,
Niki Tsongas,Massachusetts,D,H,2007-present,11-Jan,@nikiinthehouse,,6285
John Tierney,Massachusetts,D,H,1997-2015,11-Oct,@RepTierney,,
Ed Markey,Massachusetts,D,H,1973-2013,9-Feb,ALREADY IN THE SENATE @SenMarkey,,12.2k
Mike Capuano,Massachusetts,D,H,1999-present,16-Jun,@RepMikeCapuano,,
Stephen Lynch,Massachusetts,D,H,2001-present,11-Jun,@RepStephenLynch,,
Bill Delahunt,Massachusetts,D,H,1997-2011,NA,NA,,
William Keating,Massachusetts,D,H,2011-present,11-Jan,@USRepKeating,,
Joseph P. Kennedy III,Massachusetts,D,H,2013-Present,13-Jan,@RepJoeKennedy,,4071
Katherine Clark,Massachusetts,D ,H,2013-Present,14-Jan,@RepJoeKennedy,,3884
Seth Moulton,Massachusetts,D,H,2015-Present,11-Feb,@RepJoeKennedy,,9002
Bart Stupak,Michigan,D,H,1993-2011,NA,NA ,,
Peter Hoekstra,Michigan,R,H,1993-2011,8-Jul,@petehoekstra,,
Vern Ehlers,Michigan,R,H,1983-2011,NA,NA ,,
David Lee Camp,Michigan,R,H,1989-2015,NA,NA,,
Dale E. Kildee,Michigan,D,H,1965-2013,NA,NA,,5429
Fred Upton,Michigan,R,H,1987-Present,10-Mar,@RepFredUpton,,5330
Tim Walberg,Michigan,R,H,"2007-2009, then 2011-present",11-Jan,@RepWalberg,,4092
Mike Rogers,Michigan,R,H,1995-2015,10-Jun,@RepMikeRogers,,3355
Joe Knollenberg,Michigan,R,H,1993-2009,NA,NA,,
Candice Miller,Michigan,R,H,2003-2016,8-Jun,@CandiceMiller,,
Thaddeus McCotter,Michigan,R,H,1999-2012,7-Aug,@ThadMcCotter,,9991
Sander Levin,Michigan,D,H,1983-present,NA,NA,,
Carolyn Cheeks Kilpatrick,Michigan,D,H,1979-2011,NA,NA,,
John Conyers,Michigan,D,H,1965-2017,10-Apr,@RepJohnConyers,,3357
John Dingell ,Michigan,D,H,1995-2015,10-Jan,@JohnDingell,,5580
Mark Schauer,Michigan,D ,H,1997-2011,NA,NA,,
Gary Peters,Michigan,D ,H,2009-2015,11-Jan,ALREADY IN THE SENATE @SenGaryPeters,,
Dan Benishek,Michigan,R,H,2011-2017,11-Jan,@CongressmanDan,,
Bill Huizenga,Michigan,R,H,"2003-2009, then 2011-present",11-Jan,@RepHuizenga,,5923
Justin Amash,Michigan,R,H,2009-Present,11-Jan,@justinamash,,15k
David Curson,Michigan,D ,H,Nov 2012-jan 2013,NA,NA,,
Hansen Clarke,Michigan,D,H,2003-2013,10-May,NOT VERIFIED @HansenClarke,,
Dan Kildee,Michigan,D,H,2013-Present,12-Dec,@RepDanKildee,,
Kerry Bentivolio,Michigan,R,H,2013-2015,12-Nov,@RepDanKildee,,TWEETS SIGNED BY KB ARE MINE
Dave Trott,Michigan,R,H,2015-present,14-Nov,@repdavetrott,,
John Moolenaar,Michigan,R,H,"2003-2008, then 2011-present",14-Jul,@RepMoolenaar,,
Debbie Dingell,Michigan,D ,H,2015-Present,15-Jan,@RepDebDingell,,
Brenda Lawrence,Michigan,D,H,2015-Present,14-Nov,@RepLawrence,,3781
Tim Walz,Minnesota,D ,H,2007-present,13-Mar,@RepTimWalz,,3493
John Kline,Minnesota,R,H,2003-2017,9-Sep,@repjohnkline,,
Jim Ramstad,Minnesota,R,H,1981-2009,NA,NA ,,
Betty McCollum,Minnesota,D ,H,1993-present,12-Mar,@BettyMcCollum04,,6181
Keith Ellison,Minnesota,D,H,2003-Present,8-Mar,@keithellison,,20.5k
Michele Bachmann,Minnesota,R,H,2001-2015,8-Dec,@MicheleBachmann,,4277
Collin Peterson,Minnesota,D,H,1991-present,NA,NA,,
Jim Oberstar,Minnesota,D,H,1975-2011,9-Feb,@JimOberstar,,
Erik Paulsen,Minnesota,R,H,2009-Present,8-Nov,@RepErikPaulsen,,5275
Tom Emmer,Minnesota,R,H,"2005-2011, then 2015-present",14-Dec,@RepTomEmmer,,3736
Rick Nolan,Minnesota,D,H,2013-Present,13-Jan,@USRepRickNolan,,
Chip Cravaack ,Minnesota,R,H,2011-2013,NA,NA,,
Roger Wicker,Mississippi,R,H,1995-2007,11-Mar,ALREADY IN THE SENATE @SenatorWicker,,4096
Travis Childers,Mississippi,D ,H,2008-2011,NA,NA,,
Bennie Thompson,Mississippi,D ,H,1993-present,9-Oct,@BennieGThompson,,
Chip Pickering,Mississippi,R,H,1997-2009,Joined after losing office,NOT VERIFIED,,
Gene Taylor,Mississippi,D,H,1989-2011,NA,NA,,
Gregg Harper,Mississippi,R,H,2009-Present,9-Mar,@GreggHarper,,3245
Alan Nunnelee,Mississippi,R,H,2011-2015,NA,NA,,
Steven Palazzo,Mississippi,R,H,2006-present,11-May,@CongPalazzo,,
Trent Kelly,Mississippi,R,H,2015-Present,15-Jun,@RepTrentKelly,,
William Lacy Clay Jr. ,Missouri,D,H,1983-present,12-May,@LacyClayMO1,Didn’t add to my list cause its campaign account!,
Todd Akin,Missouri,R,H,1989-2013,11-May,@ToddAkin,,
Russ Carnahan,Missouri,D,H,2001-2013,8-Sep,@russcarnahan,,
Ike Skelton,Missouri,D,H,1977-2011,NA ,NA,,
Emanuel Cleaver,Missouri,D,H,2005-present,10-Jul,@repcleaver,,5337
Sam Graves,Missouri,R,H,2001-present,9-Apr,@RepSamGraves,,7237
Roy Blunt,Missouri,R,H,1997-2011,9-Feb,ALREADY IN THE SENATE @RoyBlunt,,
Jo Ann Emerson,Missouri,R,H,1996-2013,NA,NA ,,
Kenny Hulshof,Missouri,R,H,1997-2009,NA,NA,,
Blaine Luetkemeyer,Missouri,R,H,2009-Present,13-Sep,@RepBlainePress,,
Vicky Hartzler,Missouri,R,H,2011-present,11-Jan,@RepHartzler,,6105
Bill Long,Missouri,R,H,2011-present,13-May,@USRepLong,,6243
Jason T. Smith,Missouri,R,H,2005-present,13-Jul,@RepJasonSmith,,
Ann Wagner,Missouri,R,H,2013-Present,13-Jan,@RepAnnWagner,,
Denny Rehberg,Montana,R,H,2001-2013,NA,NA ,,
Steve Daines,Montana,R,H,2013-2015,7-Dec,ALREADY IN THE SENATE @SteveDaines,,5108
Ryan Zinke,Montana,R,H,2015-2017,14-Dec,@RepRyanZinke,,
Jeff Fortenberry,Nebraska,R,H,2005-present,9-Jan,@JeffFortenberry,,3123
Lee Terry,Nebraska,R,H,1999-2015,8-Dec,@LEETERRYNE,,4091
Adrian Smith,Nebraska,R,H,1999-present,11-May,@RepAdrianSmith,,
Brad Ashford,Nebraska,D,H,2007-2017,15-Jan,@RepBradAshford,,3651
Shelley Berkley,Nevada,D,H,1999-2013,NA,NA,,
Dean Heller,Nevada,R,H,2007-2011,11-Mar,ALREADY IN THE SENATE,,
Jon Porter,Nevada,R,H,2003-2009,NA,NA ,,
Mark Amodei,Nevada,R,H,2011-present,11-Nov,@MarkAmodeiNV2,,
Joe Heck,Nevada,R,H,2011-2017,NA,NA,,
Dina Titus,Nevada,D,H,"1998-2011, then 2013, present",Marchn 2010,@repdinatitus,,9692
Steven Horsford,Nevada,D,H,2013-2015,11-Feb,@StevenHorsford,,
Cresent hardy,Nevada,R,H,2011-2017,15-Jan,@RepHardy,,
Carol Shea-Porter,New Hampshire,D,H,"2007-2011, then 2013-2015, then 2017 to present",10-Mar,@RepSheaPorter,,
Paul Hodes,New Hampshire,D ,H,2007-2011,NA,NA,,
Frank Guinta,New Hampshire,R,H,"2011-2013, then 2015-2017",11-Jan,@RepFrankGuinta,,
Charles Bass,New Hampshire,R,H,2011-2013,NA,NA,,
Ann McLane Kuster,New Hampshire,D,H,2013-Present,13-Jan,@RepAnnieKuster,,3574
Rob Andrews,New Jersey,D ,H,1990-2014,NA,NA,,
Frank LoBiondo,New Jersey,R,H,1995-present,11-Jan,@RepLoBiondo,,4241
Jim Saxton ,New Jersey,R,H,1993-2009,NA,NA,,
Chris Smith,New Jersey,R,H,1981-present,13-Mar,@RepChrisSmith,,
Scott Garrett,New Jersey,R,H,1990-2017,12-Nov,@RepGarrett,,
John Adler,New Jersey,D,H,2009-2011,NA,NA,,
Jon Runyan,New Jersey,R,H,2011-2105,11-Jun,@RepJonRunyan,,
Donald Norcross,New Jersey,D ,H,2014-Present,15-Mar,@DonaldNorcross,,6813
Tom MacArthur,New Jersey,R,H,2015-Present,15-Jan,@RepTomMacArthur,,
Frank Pallone,New Jersey,D,H,1988-present,9-Apr,@FrankPallone,,11.2
Mike Ferguson,New Jersey,R,H,2001-2009,NA,NA,,
Bill Pascrell Jr.,New Jersey,D,H,1997-present,9-Sep,@BillPascrell,,
Steve Rothman,New Jersey,D,H,1997-2013,NA,NA ,,
Donald Payne,New Jersey,D,H,1989-2012,13-Feb,@RepDonaldPayne,,4679
Rodney Frelinghuysen,New Jersey,R,H,1995-present,13-Apr,@USRepRodney,,
Rush Holt Jr. ,New Jersey,D,H,1999-2015,NA,NA,,
Albio Sires,New Jersey,D,H,2006-present,9-Jan,@RepSires,,
Leonard Lance,New Jersey,R,H,2009-present,12-Jun,@RepLanceNJ7,,
Donald Payne Jr.,New Jersey,D,H,2012-present,13-Feb,@RepDonaldPayne,,
Bonnie Watson Coleman,New Jersey,D,H,2015-Present,15-Jan,@RepBonnie,,4535
Heather Wilson,New Mexico,R,H,1998-2009,17-Mar,JOINED AFTER LOSING OFFICE ,,
Steve Pearce,New Mexico,R,H,"2003-2009, then 2011-present",11-Jan,@RepStevePearce,,4323
Tom Udall,New Mexico,D,H,1999-2009,Only counts when he became a senator-July 2009,ALREADY IN THE SENATE,,3944
Martin Heinrich,New Mexico,D ,H,2009-2013,Only counts when he became a senator-Jan 2013,ALREADY IN THE SENATE,,
Harry Teague,New Mexico,D,H,2009-2011,NA,NA,,
Ben Lujan,New Mexico,D,H,2009-Present,9-Jan,@repbenraylujan,,
Michelle Lujan Grisham,New Mexico,D,H,2013-Present,13-Jan,@RepLujanGrisham,,5169
Tim Bishop,New York,D,H,2003-2015,10-Jun,@TimBishopNY,,
Peter King,New York,R,H,1993-present,8-Dec,@RepPeteKing,,
Steve Israel,New York,D,H,2001-2017,9-Feb,@RepSteveIsrael,,4996
Gary Ackerman,New York,D,H,1983-2013,9-Nov,@RepGaryAckerman,,
Carolyn McCarthy,New York,D,H,1997-2015,11-Mar,@carolynmccarthy,,
Gregory Meeks,New York,D ,H,1998-present,9-Mar,@RepGregoryMeeks,,4073
Lee Zeldin,New York,R,H,2015-Present,14-Aug,@RepLeeZeldin,,
Kathleen Rice,New York,D,H,2015-Present,15-Jan,@RepKathleenRice,,
Joseph Crowley,New York,D,H,1987-Present,10-Feb,@repjoecrowley,,6030
Jerrold Nadler,New York,D,H,1992-present,9-May,@RepJerryNadler,,4691
Anthony Weiner,New York,D,H,1999-2011,NA,NA,,
Eldolphus Towns,New York,D,H,1983-2011,10-Mar,@EdTowns,,
Bob Turner,New York,R,H,2011-2013,NA,NA,,
Grace Meng,New York,D,H,2013-Present,12-Dec,@RepGraceMeng,3917,
Vito Fossella,New York,R,H,1997-2009,,,,
Charles Rangel,New York,D ,H,1971-2017,9-Feb,@cbrangel,,7110
Dan Donovan,New York,R,H,2015-Present,15-Jul,@RepDanDonovan,,
Jose Serrano,New York,D,H,1990-Present,9-Apr,@RepJoseSerrano,,4343
Eliot L. Engel,New York,D,H,1977-present,10-Jul,@RepEliotEngel,,3643
Nita Lowey,New York,D ,H,1989-present,10-Dec,@NitaLowey,,3040
John Hall,New York,D,H,2007-2011,NA,NA,,
Kristen Gillibrand,New York,D,H,2007-2009,9-Sep,ALREADY IN THE SENATE,,16k
Yvette Clarke,New York,D,H,2007-present,11-Jan,@RepYvetteClarke,,11.5k
Nydia Velazquez,New York,D,H,1993-present,10-Jul,@NydiaVelazquez,,4301
Michael McMahon,New York,D,H,2009-2011,NA,NA,,
Hakeem Jeffries,New York,D,H,2013-Present,12-Jan,@RepJeffries,,
Scott Murphy,New York,D ,H,2009-2011,NA,NA,,
Michael Grimm,New York,R,H,2011-2105,NA,NA,,
Carolyn Maloney,New York,D,H,1993-present,11-Feb,@RepMaloney,,6506
Nan Hayworth,New York,R,H,2011-2013,11-Jan,@NanHayworth,,
Chris Gibson,New York,R,H,2011-2017,11-Jan,@RepChrisGibson,,
Sean Patrcik Maloney,New York,D,H,2013-Present,13-Jan,@RepSeanMaloney,,4372
Paul Tonkon,New York,D,H,2009-present,9-Oct,@RepPaulTonko,,10.9k
Michael McNulty,New York,D ,H,1989-2009,NA,NA,,
Maurice Hinchey,New York,D,H,1993-2013,NA,NA ,,
John McHugh,New York,R,H,1993-2009,NA,NA ,,
Michael Arcuri,New York,D,H,2007-2011,NA,NA,,
Jim Walsh,New York,R,H,1989-2009,NA,NA,,
Tom Reynolds,New York,R,H,1999-2009,NA,NA,,
Brian Higgins,New York,D,H,2005-present,9-Apr,@RepBrianHiggins,,13.1k
Louise M. Slaughter,New York,D,H,1987-March 2018,9-Aug,@louiseslaughter,,3428
Randyy Kuhl,New York,R,H,2005-2009,NA,NA,,
Bill Owens,New York,D,H,2009-2015,10-Dec,@BillOwensNY,,
Dan Maffei,New York,D,H,2009-2015,NA,NA,,
Chris Lee,New York,R,H,2009-2011,NA,NA,,
Ric Massa,New York,D,H,Jan 2009-March 2010,NA,NA,,
Tom Reed,New York,R,H,2010-present,11-Feb,@RepTomReed,,
Richard Hanna,New York,R,H,2011-2017,11-Jan,@RepRichardHanna,,3296
Ann Marie Buerkle,New York,R,H,2011-2013,10-Nov,@annmbuerkle,CANNOT ACCESS,
Kathy HochulNew York,,D,H,2011-2013,Joined after becoming governor,,,
John Katko,New York,R,H,2015-Present,15-Jan,@RepJohnKatko,,
Elise Stefanik,New York,R,H,2015-Present,15-Jan,@RepStefanik,,3299
Chris Collins,New York,R,H,2013-Present,13-Jan,@RepChrisCollins,,3620
G.K.Butterfield,North Carolina,D,H,2004-present,11-Dec,@GKButterfield,,4501
Bob Etheridge,North Carolina,D,H,1997-2011,NA,NA,,
Walter B. Jones,North Carolina,R,H,1995-present,9-Mar,@RepWalterJones,,
David Price,North Carolina,D,H,1997-present,10-Jun,@RepDavidEPrice,,3558
Vriginia Foxx,North Carolina,R,H,2005-present,8-Sep,@virginiafoxx,,3656
Renee Ellmers,North Carolina,R,H,2011-2017,10-Nov,@RepReneeEllmers,,7045
Howard Coble,North Carolina,R,H,1985-2015,11-Jun,@HowardCoble,,
Mike Mclntyre,North Carolina,D,H,1997-2015,NA,NA,,
Robin Hayes,North Carolina,R,H,1999-2009,Joined after losing office,,,
Sue Wilkins Myrick,North Carolina,R,H,1995-2013,NA,NA,,
Patrick McHenry,North Carolina,R,H,2005-present,9-Mar,@PatrickMcHenry,,4481
Heath Shuler,North Carolina,D,H,2007-2013,NA,ACCOUNT NOT VERIFIED,,
Mel Watt,North Carolina,D,H,1993-2014,NA,NA,,
Brad Miller,North Carolina,D,H,2003-2013,NA,NA ,,
Larry Kissell,North Carolina,D,H,2009-2013,NA,NA,,
Richard Hudson,North Carolina,R,H,2013-Present,12-Nov,@RepRichHudson,,6305
Robert Pittenger,North Carolina,R,H,2013-Present,12-Nov,@RepPittenger,,8319
Mark Meadows,North Carolina,R,H,2013-Present,12-Nov,@RepMarkMeadows,,
Alma Adams,North Carolina,D,H,1994-present,14-Dec,@RepAdams,,4711
George Holding,North Carolina,R,H,2013-Present,13-Jan,@RepHolding,,
Mark Walker,North Carolina,R,H,2015-Present,15-Jan,@RepMarkWalker,,3221
David Rouzer,North Carolina,R,H,2015-Present,12-Sep,@RepDavidRouzer,,
Earl Pomeroy,North Dakota,D ,H,1993-2011,NA,NA,,
Rick Berg,North Dakota,R,H,2011-2013,NA,NA,,
Kevin Cramer,North Dakota,R,H,2013-Present,12-Dec,@RepKevinCramer,,
Steve Chabot,Ohio,R,H,1995-2009 then 2011-present,11-Jan,@RepSteveChabot,,3225
Jean Schmidt,Ohio,R,H,2001-2013,NA,NA,,
Michael R. Turner,Ohio,R,H,2003-Present,9-Jun,@RepMikeTurner,,
Jim Jordan,Ohio,R,H,2007-present,8-Dec,@Jim_Jordan,,
Bob Latta,Ohio,R,H,2001-present,8-Jul,@boblatta,,6396
Charlie Wilson,Ohio,D,H,2007-2011,NA,NA,,
Bill Johnson,Ohio,R,H,2011-present,10-Nov,@RepBillJohnson,,5207
Brad Wenstrup,Ohio,R,H,2013-Present,12-Mar,@RepBradWenstrup,,4709
Joyce Beatty,Ohio,D,H,"1999-Dec 2008, then 2013-present",12-Jun,@RepBeatty,,6497
Dave Hobson,Ohio,R,H,1991-2009,NA,NA,,
John A. Boehner,Ohio,R,H,1985-2015,7-Jul,@SpeakerBoehner,,22.7k
Marcy Kaptur,Ohio,D,H,1983-present,12-May,@RepMarcyKaptur,,3592
Dennis Kucinich,Ohio,D,H,1997-2013,9-Oct,@RepKucinich,,
Steve Driehaus,Ohio,D ,H,2001-2011,NA,NA,,
Steve Austria,Ohio,R,H,2009-2013,9-Feb,@SteveAustria,,
Bob Gibbs,Ohio,R,H,2011-present,11-Jan,@RepBobGibbs,,
Warren Davidson,Ohio,R,H,2016-present,16-Jun,@WarrenDavidson,,
Stephanie Tubbs Jones,Ohio,D,H,1999- Aug 2008,NA,NA,,
Marcia Fudge,Ohio,D,H,Nov 2008-present,10-Jun,@RepMarciaFudge,,5361
Pat Tiberi,Ohio,R,H,1993-2018,12-Oct,@PatTiberi,,3602
Betty Sutton,Ohio,D,H,2007-2013,NA,NA,,
Steve LaTourette,Ohio,R,H,1995-2013,NA,NA,,
Deborah Pryce,Ohio,R,H,1993-2009,NA,NA,,
Raplh S. Regula,Ohio,R,H,1973-2009,NA,NA,,
Tim Ryan,Ohio,D,H,2003-present,12-Jan,@TimRyan,,
Zack Space,Ohio,D,H,2007-2011,NA,ACCOUNT NOT VERIFIED,,
Mary Kilroy,Ohio,D ,H,2009-2011,2008,ACCOUNT NOT VERIFIED @MaryJoKilroy,,
John Boccieri,Ohio,D,H,"2009-2011, then Oct 2015-present",NA,ACCOUNT NOT VERIFIED,,
David Joyce,Ohio,R,H,2013-Present,12-Nov,@RepDaveJoyce,,3596
Steve Silvers,Ohio,R,H,2011-present,10-Nov,@RepSteveStivers,,
Jim Renacci,Ohio,R,H,2011-present,11-Jan,@RepJimRenacci,,4089
John SullivanOklahoma,,R,H,2002-2013,NA,NA,,
Dan Boren,Oklahoma,D ,H,2005-2013,NA,NA,,
Frank Lucas,Oklahoma,R,H,1994-present,11-Jan,@RepFrankLucas,,
Tom Cole,Oklahoma,R,H,2003-Present,9-Mar,@TomColeOK04,,
Mary Fallin,Oklahoma,R,H,2007-2011,10-Sep,@GovMaryFallin,,5860
James Lankford,Oklahoma,R,H,2011-2105,10-Dec,ALREADY IN THE SENATE @SenatorLankford,,5263
Jim Bridenstine,Oklahoma,R,H,2013-Present,13-Jan,@RepJBridenstine,,
Markwayne Mullin,Oklahoma,R,H,2013-Present,13-Jan,@RepMullin,,
Steve Russell,Oklahoma,R,H,2015-Present,15-Jan,@RepRussell,,
David Wu,Oregon,D ,H,1999-2011,NA,NA ,,
Greg Walden,Oregon,R,H,1999-present,9-Apr,@repgregwalden,,
Earl Bulmenauer,Oregon,D,H,1996-present,8-Aug,@repblumenauer,,3234
Peter DeFazio,Oregon,D,H,1987-present,11-Feb,@RepPeterDeFazio,,
Darlene Hooley,Oregon,D,H,1997-2009,NA,NA ,,
Kurt Schrader,Oregon,D,H,2009-present,9-Feb,@RepSchrader,,
Suzanne Bonamici,Oregon,D ,H,2012-present,14-Oct,@RepBonamici,,
Bob Brady,Pennsylvania,D,H,1998-present,10-May,@RepBrady,,11.3k
Chaka Fattah,Pennsylvania,D ,H,1995-2016,9-Jun,@chakafattah,,12.9k
Phil English,Pennsylvania,R,H,1995-2009,NA,NA ,,
Jason Altmire,Pennsylvania,D,H,2007-2013,11-Mar,@jasonaltmire,,4026
John E Peterson,Pennsylvania,R,H,1997-2009,NA,NA,,
Kathy Dahlkemper,Pennsylvania,D ,H,2007-2011,NA,NA,,
Glenn Thompson,Pennsylvania,R,H,2009-present,9-Jan,@CongressmanGT,,6666
Mike Kelly Jr,Pennsylvania,R,H,2011-present,12-Nov,@MikeKellyPA,,
Scott Perry,Pennsylvania,,H,2013-Present,9-Jan,@RepScottPerry,,
Dwight Evans,Pennsylvania,D,H,2016-present,9-Nov,@RepDwightEvans,,13.4k
Jim Gerlach,Pennsylvania,R,H,2003-2015,NA,NA,,
Joe Sestak,Pennsylvania,D,H,2007-2011 ,9-Jun,@JoeSestak,,3184
Patrick Murphy,Pennsylvania,D ,H,2007-2011,JOINed after losing office,,,
Bill Shuster,Pennsylvania,R,H,2001-present,9-Mar,@RepBillShuster,,3355
Chris Carney,Pennsylvania,D ,H,2007-2011 ,NA,NA,,
Pat Meehan,Pennsylvania,R,H,2011-present,11-Feb,@RepMeehan,,
Mike Fitzpatrick,Pennsylvania,R,H,2011-2017,11-Jan,@RepFitzpatrick,,5249
Tom Marino,Pennsylvania,R,H,2011-present,11-Jan,@RepTomMarino,,
Ryan Costello,Pennsylvania,R,H,2015-present,14-Dec,@RepRyanCostello,,
Paul E. Kanjorski,Pennsylvania,D ,H,1985-2011,NA,NA ,,
John Murtha,Pennsylvania,D,H,1974-2010,NA,NA,,
Allyson Schwartz,Pennsylvania,D ,H,2005-2015,13-Apr,@allysonschwartz,,
Michael F. Doyle,Pennsylvania,D ,H,1995-present,NA,NA ,,
Charlie Dent,Pennsylvania,R,H,2005-present,11-Jan,@RepCharlieDent,,
Mark Critz,Pennsylvania,D,H,May 2010-2013,NA,NA,,
Lou Barletta,Pennsylvania,R,H,2011-present,11-Jan,@RepLouBarletta,,
Keith Rothfus,Pennsylvania,R,H,2013-Present,13-Feb,@KeithRothfus,,4309
Brendn Boyle,Pennsylvania,D,H,2015-Present,10-Dec,@RepBrendanBoyle,,5984
Joseph Pitts,Pennsylvania,R,H,1997-2017,NA,NA ,,
Tim Holden,Pennsylvania,D ,H,2003-2013,NA,NA ,,
Tim Murphy,Pennsylvania,R,H,2003-2017,NA,NA ,,
Todd Platts,Pennsylvania,R,H,2001-2013,NA,NA,,
Matt Cartwright,Pennsylvania,D,H,2013-Present,12-Aug,@RepCartwright,,
Patrick J Kennedy,Rhode Island,D,H,1995-2011,JoiNed after losing office,NA ,,
James Langevin,Rhode Island,D,H,2001-present,10-Dec,@SenatorLankford,,
David Cicilline,Rhode Island,D,H,2011-present,9-Mar,@davidcicilline,,15.7k
Henry E. Brown Jr,South Carolina,R,H,2001-2011,NA,NA ,,
Joe Wilson,South Carolina,R,H,2001-present,11-Feb,@RepJoeWilson,,
Gresham Barrett,South Carolina,R,H,1997-2011,11-Jan,@RepBarrett,"NOT OFFICIAL, Did NOT add to my list",
Bob Inglis,South Carolina,D ,H,2005-2011,8-Oct,@bobinglis,,
John Spratt,South Carolina,D,H,1983-2011,NA,NA ,,
Jim Clayburn,South Carolina,D,H,2011-present,10-Sep,@Clyburn,,
Tim Scott,South Carolina,R,H,2011-2013,10-Nov,ALREADY IN THE SENATE @SenatorTimScott,,7076
Jeff Duncan,South Carolina,R,H,2011-present,11-Jan,@RepJeffDuncan,,7692
Trey Gowdy,South Carolina,R,H,2011-present,11-Jan,@TGowdySC,,
Mick Mulvaney,South Carolina,R,H,2011-2017,JoINed after losing office,NA ,,
Tom Rice,South Carolina,R,H,2013-Present,13-Jan,@RepTomRice,,
Mark Sanford,South Carolina,,H,2013-Present,13-Jun,@RepTomRice,,
Stephanie Herseth Sandlin,Sounth Dakota,D ,H,2004-2011,JOINed after losing office,NA,,
Kristo Noem,South Dakota,R,H,2011-present,11-Jan,@RepKristiNoem,,5000
David Davis,Tennessee,R,H,2007-2009,NA,NA ,,
John Duncan,Tennessee,R,H,1988-present,13-Sep,@RepJohnDuncanJr,,
Zach Wamp,Tennessee,R,H,1995-2011,NA,NA ,,
Lincoln Davis,Tennessee,D ,H,2003-2011,NA,NA,,
Jim Cooper,Tennessee,D,H,2003-Present,9-Mar,@repjimcooper,,
Phil Roe,Tennessee,R,H,2009-present,9-Jun,@DrPhilRoe,,
Chuck Fleischmann,Tennessee,R,H,2011-present,11-Jan,@RepChuck,,
Scott DesJarlais,Tennessee,R,H,2011-present,11-Jan,@DesJarlaisTN04,,3827
Bart Gordon,Tennessee,D ,H,1985-2011,NA,NA,,
Marsha Blackburn,Tennessee,R,H,2003-Present,11-Apr,@MarshaBlackburn,,5943
John S. Tanner,Tennessee,D ,H,1989-2011,NA,NA ,,
Steve Cohen,Tennessee,D,H,2007-present,10-Jul,@RepCohen,,7680
Stephen Fincher,Tennessee,R,H,2011-2017,11-Feb,@RepFincherTN08,,
Diane Black,Tennessee,R,H,2011-present,10-Feb,@RepDianeBlack,,5766
Louie Gohmert,Texas,R,H,2005-present,9-Feb,@replouiegohmert,,6577
Ted Poe,Texas,R,H,2005-present,9-Sep,@JudgeTedPoe,,5401
Sam Johnson,Texas,R,H,1991-present,11-Feb,@SamsPressShop,,
Ralph Hall,Texas,R,H,1981-2015,13-Feb,@RalphHallPress,,
Jeb Hensarling,Texas,R,H,2003-Present,9-Jan,@RepHensarling,,
John Ratcliffe,Texas,R,H,2015-present,14-Oct,@RepRatcliffe,,
Joe Barton,Texas,R,H,1985-present,9-Feb,@RepJoeBarton,,
John Culberson,Texas,R,H,2001-present,9-Mar,@CongCulberson,,
Kevin Brady,Texas,R,H,1997-present,9-Feb,@RepKevinBrady,,
Al Green,Texas,D,H,2005-present,10-Jun,@RepAlGreen,,
Michael McCaul,Texas,R,H,2005-present,9-Mar,@RepMcCaul,,3308
Mike Conaway,Texas,R,H,2005-present,11-May,@ConawayTX11,,
Kay Granger,Texas,R,H,1997-present,10-Jul,@RepKayGranger,,
Mac Thornberry,Texas,R,H,1995-present,11-Sep,@MacTXPress,,
Ron Paul,Texas,R,H,1997-2013,11-Apr,@RonPaul,,5597
Ruben Hinojosa,Texas,D,H,1997-2017,11-Jan,@USRepRHinojosa,,
Randy Weber,Texas,R,H,2013-Present,13-Jan,@TXRandy14,,
Silvestre Reyes,Texas,D ,H,1997-2013,10-Feb,@SilvestreReyes,,
Chet Edwards,Texas,D,H,1991-2011,NA,NA ,,
Sheila Jackson-Lee,Texas,D,H,1995-present,9-Oct,@JacksonLeeTX18,,5494
Randy Neugebauer,Texas,R,H,2003-2017,9-Apr,@RandyNeugebauer,,3820
Charlie Gonzalez,Texas,D ,H,1999-2013,11-Jan,@TX20CharlieG,,
Bill Flores,Texas,R,H,2011-present,11-Jan,@RepBillFlores,,7961
Beto O'Rourke,Texas,D,H,2013-Present,13-Jan,@RepBetoORourke,,4064
Joaquin Castro,Texas,D,H,2013-Present,10-Dec,@JoaquinCastrotx,,11.4k
Lamar S Smith,Texas,R,H,2013-Present,8-Aug,@LamarSmithTX21,,3409
Nick Lampson,Texas,D,H,2007-2009,NA,NA ,,
Ciro Rodriguez,Texas,D ,H,2007-2011 ,NA,NA,,
Kenny Marchant,Texas,R,H,2005-present,9-Mar,@RepKenMarchant,,5099
Lloyd Doggett,Texas,D ,H,1995-present,10-Jun,@RepLloydDoggett,,4967
Michael C. Burgess,Texas,R,H,2003-Present,8-Aug,@michaelcburgess,,5059
Pete Olson,Texas,R,H,2009-present,9-Feb,@RepPeteOlson,,6478
Quico Canseco,Texas,R,H,2011-2013,NA,NA,,
Pete Gallego,Texas,D ,H,2013-2015,NA,NA ,,3545
Roger Williams,Texas,R,H,2013-Present,13-Jan,@RepRWilliams,,3643
Will Hurd,Texas,R,H,2015-present,15-Jan,@HurdOnTheHill,,4737
Solomon P. Oritz,Texas,D ,H,1983-2011,NA,NA ,,
Henry Cuellar,Texas,D ,H,2005-present,10-Nov,@RepCuellar,,4846
Gene Green,Texas,D,H,1993-present,10-Feb,@RepGeneGreen,,
Eddie Bernice Johnson,Texas,D ,H,1993-present,10-Jul,@RepEBJ,,8190
John Carter,Texas,R,H,2003-Present,8-Dec,@JudgeCarter,,5748
Pete Sessions,Texas,R,H,1997-present,9-Mar,@PeteSessions,,5920
Blake Farenthold,Texas,R,H,2011-2018,ACCOUNT NOT VERIFIED,,,
Marcy Veasey,Texas,D ,H,2013-Present,13-Jan,@RepVeasey,,
Filemon Vela Jr,Texas,D,H,2013-Present,NA,NA ,,
Steve Stockman,Texas,R,H,2013-2015,ACCOUNT NOT VERIFIED,,,
Brian Babin,Texas,R,H,2015-present,14-Dec,@RepBrianBabin,,
Rob Bishop,Utah,R,H,2003-Present,10-May,@RepRobBishop,NO TWEETS,
Jim Matheson,Utah,D ,H,2001-2015,NA,NA ,,
Chris Carney,Utah,R,H,1997-2009,NA,NA,,
Jason Chaffetz,Utah,R,H,2009-2017,8-Dec,@jasoninthehouse,,8941
Christ Stewart,Utah,R,H,2013-Present,13-Jan,@RepChrisStewart,,
Mia Love,Utah,R,H,2015-present,15-Jan,@RepMiaLove,,
Peter Welch,Vermont,D,H,2007-present,13-May,@PeterWelch,,
Jo Ann Davis,Virginia,R,H,2001-Oct 2007,NA,NA ,,
Rob Wittman,Virginia,R,H,Dec 2007-Present,8-Jul,@RobWittman,,5054
Thelma Drake,Virginia,R,H,2005-2009,NA,NA ,,
Robert C. Scott,Virginia,D,H,1993-present,10-Jul,@BobbyScott,,5025
Randy Forbes,Virginia,R,H,2001-2017,8-Jun,@Randy_Forbes,,3319
Virgil Goode,Virginia,R,H,1997-2009,NA,NA ,,
Bob Goodlatte,Virginia,R,H,1993-present,9-May,@RepGoodlatte,,6099
Eric Cantor,Virginia,R,H,2001-Aug 2014,9-Jan,@EricCantor,,7746
Jim Moran,Virginia,D,H,1991-2015,9-Jun,@Jim_Moran,,
Rick Boucher,Virginia,D ,H,1983-2011,NA,NA ,,
Frank Wolf,Virginia,R,H,1981-2015,11-Jan,@RepWOLFPress,,
Thomas M. Davis,Virginia,R,H,1995-Nov 2008,NA,NA ,,
Glenn Nye,Virginia,D ,H,2009-2011,8-Aug,@GlennNye,,
Tom Perriello,Virginia,D,H,2009-2011,8-Apr,@tomperriello,,8320
Gerry Connolly,Virginia,D,H,2009-present,9-Sep,@GerryConnolly,,6364
Scott Rigell,Virginia,R,H,2011-2017,10-Dec,@RepScottRigell,,4643
Robert Hurt,Virginia,R,H,2011-2017,11-Jan,@RepRobertHurt,,
Morgan Griffith,Virginia,R,H,2011-present,11-Jan,@RepMGriffith,,
Dave Brat,Virginia,R,H,Nov 2014-Present,14-Jun,@RepDaveBrat,,
Don Beyer,Virginia,D ,H,2015-present,15-Jan,@RepDonBeyer,,13.4k
Barbara Comstock,Virginia,R,H,2015-present,14-Dec,@RepComstock,,
Jay Inslee,Washington,D ,H,1999-2012,9-Feb,@RepComstock,,
Rick Larsen,Washington,D,H,2001-present,11-Nov,@RepRickLarsen,,7604
Brian Baird,Washington,D ,H,1999-2011,NA,NA,,
Doc Hastings,Washington,R,H,1995-2015,11-Oct,@DocHastings,,
Cathy McMorris Rodgers,Washington,R,H,2005-present,8-Dec,@cathymcmorris,,9297
Norm Dicks,Washington,D ,H,1977-2013,NA,NA ,,
Jim McDemott,Washington,D ,H,1989-2017,10-Apr,@RepJimMcDermott,,
Dave Reichert,Washington,R,H,2005-present,8-Sep,@davereichert,,3551
Adam Smith,Washington,D,H,1997-present,9-Jul,@RepAdamSmith,,
Suzan DelBene,Washington,D ,H,2012-present,12-Dec,@RepDelBene,,4202
Jaime Herrera Beutler,Washington,R,H,2011-present,11-Jan,@HerreraBeutler,,
Derek Kilmer,Washington,D ,H,2013-Present,13-Jan,@RepDerekKilmer,,
Dennis Heck,Washington,D,H,2013-Present,13-Jan,@RepDennyHeck,,3544
Dan Newhouse,Washington,R,H,2015-present,14-Dec,@RepDennyHeck,,
Alan Mollohan,West Virginia,D ,H,1983-2011,NA,NA ,,
Shelley Moore Capito,West Virginia,R,H,2001-2015,10-Sep,ALREADY IN THE SENATE @SenCapito,,6446
Nick Rahall,West Virginia,D,H,1993-2015,14-Feb,@RepNickRahall,,
David McKinley,West Virginia,R,H,2011-present,11-Jan,@RepMcKinley,,5180
Alex Mooney,West Virginia,R,H,2015-present,15-Jan,@RepAlexMooney,,
Evan Jenkins,West Virginia,R,H,2015-present,14-Dec,@RepEvanJenkins,,
Paul Ryan,Wisconsin,R,H,1999-present,9-Jan,@SpeakerRyan,,14.3k
Tammy Baldwin,Wisconsin,D ,H,1999-2013,13-Jan,ALREADY IN THE SENATE,,11.6k
Ron Kind,Wisconsin,D ,H,1997-present,10-Feb,@RepRonKind,,
Gwen Moore,Wisconsin,D,H,2005-present,9-Mar,@RepGwenMoore,,5964
Jim Sensenbrenner,Wisconsin,R,H,2003-Present,12-Sep,@JimPressOffice,IT IS PRESS OFFICE. ADDED TO THE LIST THOUGH,
Tom Petri,Wisconsin,R,H,1979-2015,NA,NA,,
Dave Obey,Wisconsin,D,H,1969-2011,NA,NA ,,
Steve Kagen,Wisconsin,D,H,2007-2011 ,NA,NA ,,
Sean Duffy,Wisconsin,R,H,2011-present,11-Jan,@RepSeanDuffy,,5678
Reid Ribble,Wisconsin,R,H,2011-2017,11-Jan,@RepRibble,,3197
Mark Pocan,Wisconsin,D ,H,2013-Present,13-Feb,@repmarkpocan,,4295
Glenn Grothman,Wisconsin,R,H,2015-present,15-Jan,@RepGrothman,,
Barbara Cubin,Wyoming,R,H,1995-2009,NA,NA ,,
Cynthia Lummis,Wyoming,R,H,2009-2017,9-Mar,@CynthiaLummis,,
,,,,,,,,
Jeff Sessions,Alabama,R,S,1997-2017,NA,NA,,
Richard Shelby,Alabama,R,S,1987-present,9-Feb,@SenShelby,,
Ted Stevens,Alaska,R,S,1968-2009,NA,NA,,
Lisa Murkowski,Alaska,R,S,2002-present,8-Dec,@lisamurkowski,,5328
Mark Begich,Alaska,D,S,2009-2015,9-Oct,@SenatorBegich,,
Dan Sullivan,Alaska,R,S,2015-present,14-Nov,@SenDanSullivan,,
Jon Kyle,Arizona,R,S,2007-2013,NA,NA,,
John McCain,Arizona,R,S,1987-present,9-Jan,@SenJohnMcCain,,14.3k
Jeff Flake,Arizona,R,S,2013-present,8-Aug,@JeffFlake,,
Mark Pryor,Arkansas,D,S,2003-2015,NA,NA,,
Blanche Lincoln,Arkansas,D,S,1999-2011,NA,@SenLincoln,,
John Boozman,Arkansas,R,S,2011-Present,7-Apr,@JohnBoozman,,
Tom Cotton,Arkansas,R,S,2015-present,12-Nov,@SenTomCotton,,
Dianne Feinstein,California,D,S,1999-present,12-Jan,@SenFeinstein,,6956
Barbara Boxer,California,D,S,1993-2017,8-Aug,@BarbaraBoxer,,
Wayne Allard,Colorado,R,S,1997-2009,NA,NA,,
Ken Salazar,Colorado,D,S,2005-2009,13-Jan,Joined after losing office @KenSalazar,,
Mark udall,Colorado,D,S,2009-2015,7-Aug,@MarkUdall,,
Michael Bennet,Colorado,D,S,2009-present,10-Dec,@SenBennetCO,,
Cory Gardner,Colorado,R,S,2015-present,11-Jan,@SenCoryGardner,,4002
Joe Lieberman,Connecticut,Ind,S,1989-2013,9-Oct,@JoeLieberman,,
Chris Dodd,Connecticut,D,S,1981-2011,8-Sep,@SenChrisDodd,,
Richard Blumenthal,Connecticut,D,S,2011-present,11-Apr,@SenBlumenthal,,10.2k
ChrisMurphy,Connecticut,D,S,2013-present,10-May,@ChrisMurphyCT,,
Tom Carper,Delaware,D,S,2001-present,11-Sep,@TomCarperforDE,,
Joe Biden,Delaware,D,S,1973-2009,7-Mar,@JoeBiden,,
Ted kaufman,Delaware,D,S,2009-Nov 2010,NA,NA,,
Chris Coons,Delaware,D,S,2010-present,8-Jul,@ChrisCoons,,9474
Bill Nelson,Florida,D,S,2001-present,9-Feb,@SenBillNelson,,
Mel Martinez,Florida,R,S,2005-2009,NA,NA,,
George LeMieux,Florida,R,S,2009-2011,9-Jan,@George_LeMieux,,
Marco Rubio,Florida,R,S,2011-present,8-Apr,@marcorubio,,8216
Saxby Chambliss,Georgia,R,S,2003-2015,12-Mar,@SaxbyChambliss,,
David Perdue,Georgia,R,S,2015-present,14-Nov,@sendavidperdue,,
Johnny Isakson,Georgia,R,S,2005-present,9-Sep,@SenatorIsakson,,4740
Daniel Akaka,Hawaii,D,S,1990-2013,11-May,@SenatorAkaka,,
Daniel Inouye,Hawaii,D,S,1963-2012,9-Jul,@Daniel_Inouye,,
Brian Schatz,Hawaii,D,S,2012-present,13-Mar,@SenBrianSchatz,,
Mazie Hirono,Hawaii,D,S,2013-present,9-Nov,@maziehirono,,5043
Larry Craig,Idaho,R,S,1991-2009,NA,NA,,
Mike Crapo,Idaho,R,S,1999-present,12-Jun,@MikeCrapo,,5585
Jim Risch,Idaho,R,S,2009-present,13-Jan,@SenatorRisch,,
Dick Durbin,Illinois,D,S,1997-present,11-Feb,SenatorDurbin,,11.5k
Barack Obama,Illinois,D,S,2007-2008,7-Mar,@BarackObama,,15.5k
Ronald Burris,Illinois,D,S,2009-Nov 2010,NA,NA,,
Mark Kirk,Illinois,R,S,2011-2017,10-Nov,@SenatorKirk,,
Richard Lugar,Indiana,R,S,1977-2013,NA,NA,,
Evan Bayh,Indiana,D,S,1999-2011,9-Oct,@SenEvanBayh,,
Dan Coats,Indiana,R,S,2011-2017,10-Nov,@SenDanCoats,,5132
Joe Donnelly,Indiana,D,S,2013-present,10-Nov,@SenDonnelly,,
Tom Harkin,Iowa,D,S,1985-2015,10-Feb,@SenatorHarkin,,
Chuck Grassley,Iowa,R,S,1981-present,7-Nov,@ChuckGrassley,,6698
Joni Ernst,Iowa,R,S,2015-present,13-Apr,@joniernst,,
Pat Roberts,Kansas,R,S,1997-present,9-Sep,@SenPatRoberts,,5638
Sam Brownback,Kansas,R,S,1996-2011,NA,NA,,
Jerry Moran,Kansas,R,S,2011-present,9-Jan,@JerryMoran,,
Mitch McConnell,Kentucky,R,S,1985-present,13-Mar,@SenateMajLdr,,
Jim Bunning,Kentucky,R,S,1999-2011,NA,NA,,
Rand Paul,Kentucky,R,S,2011-present,10-Nov,@RandPaul,,12.2k
Mary Landrieu,Louisiana,D,S,1997-2015,11-Nov,@SenLandrieu,,
David Vitter,Louisiana,R,S,2005-2017,9-Jan,@DavidVitter,,8402
Bill Cassidy,Louisiana,R,S,2015-present,9-Jul,@BillCassidy,,
Olympia Snowe,Maine,R,S,1995-2013,12-Sep,Not verified @FormerSenSnowe,,
Susan Collins,Maine,R,S,1997-present,9-Jan,@SenatorCollins,,
Angus King,Maine,Ind,S,2013-present,13-Jan,@SenAngusKing,,3422
Ben Cardin,Maryland,D,S,2007-present,10-Jan,@SenatorCardin,,9462
Barbara Mikulski,Maryland,D,S,1987-2017,10-Apr,@SenatorBarb,,4651
Edward Kennedy,Massachusetts,D,S,1962-2009,NA,NA,,
John Kerry,Massachusetts,D,S,1985-2013,8-Jun,@JohnKerry,,
Paul G. Kirk,Massachusetts,D,S,sep 2009-feb 2010,NA,NA,,6587
Scott Brown,Massachusetts,R,S,2010-2013,9-Mar,@SenScottBrown,,5538
Elizabeth Warren,Massachusetts,D,S,2013-present,12-Nov,@SenWarren,,3160
Mo Cowan,Massachusetts,D,S,Feb 2013-July 2013,NA,NA,,
Ed Markey,Massachusetts,D,S,2013-present,9-Feb,@SenMarkey,,
Debbie Stabenow,Michigan,D,S,2001-present,9-Feb,@stabenow,,
Carl Levin,Michigan,D,S,1979-2015,9-Dec,@SenCarlLevin,,
Gary Peters,Michigan,D,S,2015-present,11-Jan,@SenGaryPeters,,4926
Amy Klobuchar,Minnesota,D,S,2007-present,9-Apr,@amyklobuchar,,7040
Norm Coleman,Minnesota,R,S,2003-2009,NA,NA,,
Al Franken,Minnesota,D,S,2009-2018,10-Jul,@SenFranken,,3992
Roger Wicker,Mississippi,R,S,2007-present,11-Mar,@SenatorWicker,,
Thad Cochran,Mississippi,R,S,1978-2018,12-Apr,@SenThadCochran,,
Claire McCaskill,Missouri,D,S,2007-present,8-Sep,@clairecmc,,4905
Kit Bond,Missouri,R,S,1987-2011,NA,NA,,
Roy Blunt,Missouri,R,S,2011-present,9-Feb,@RoyBlunt,,9807
Jon Tester,Montana,D,S,2007-present,12-Mar,@SenatorTester,,3983
Max Baucus,Montana,D,S,1978-2014,NA,NA,,
John Walsh,Montana,D,S,2014-2015,NA,NA,,50.3k
Steve Daines,Montana,R,S,2015-present,7-Dec,@SteveDaines,,
Ben Nelson,Nebraska,D,S,2001-2013,NA,NA,,
Chuck Hagel,Nebraska,R,S,1997-2009,NA,NA,,
Mike Johanns,Nebraska,R,S,2009-2015,NA,NA,,
Deb Fischer,Nebraska,R,S,2013-present,13-Jan,@SenatorFischer,,4497
Ben Sasse,Nebraska,R,S,2015-present,15-Jan,@SenSasse,,8150
John Ensign,Nevada,R,S,2001-2011,8-Aug,@JohnEnsign,,
Harry Reid,Nevada,D,S,1987-2017,8-Oct,@SenatorReid,,4039
Dean Heller,Nevada,R,S,2011-present,11-Mar,@SenDeanHeller,,6645
John E. Sununu,New Hamshire,R,S,2003-2009,9-Mar,Joined after taking office,,
Judd Gregg,New Hamshire,D,S,1993-2011,NA,NA,,
Jeanne Shaheen,New Hamshire,D,S,2009-present,10-Nov,@SenatorShaheen,,6323
Kelly Ayotte,New Hamshire,R,S,2011-2017,10-Dec,@KellyAyotte,,9666
Bob Menendez,New Jersey,D,S,2006-present,9-Jan,@SenatorMenendez,,7703
Frank Lautenberg,New Jersey,D,S,2003-2013,10-Apr,@FrankLautenberg,,
Jeffrey Chiesa,New Jersey,R,S,June-Oct 2013,NA,NA,,
Cory Booker,New Jersey,D,S,Oct 2013-present,8-Aug,@CoryBooker,,61.8k
Jeff Bingaman,New Mexico,D,S,2007-2013,NA,NA,,
Pete Domenici,New Mexico,R,S,1973-2009,NA,NA,,
Tom Udall,New Mexico,D,S,2009-present,9-Jul,@SenatorTomUdall,,5153
Martin Heinrich,New Mexico,D,S,2013-present,13-Jan,@MartinHeinrich,,6281
Hillary Clincton,New York,D,S,2001-2009,13-Apr,Joined after-@HillaryClinton,,
Chcuk Schumer,New York,D,S,1999-present,8-Nov,@SenSchumer,,13.1k
Kristen Gillibrand,New York,D,S,2009-present,9-Sep,@SenGillibrand,,
Elizabeth Dole,North Carolina,R,S,2003-2009,NA,NA,,
Richard Burr,North Carolina,R,S,2005-present,9-Feb,@SenatorBurr,,3478
Kay Hagan,North Carolina,D,S,2009-2015,8-Jul,@kayhagan,,
Tom Tillis,North Carolina,R,S,2015-present,15-Jan,@SenThomTillis ‏,,3361
Kent Conrad,North Dakota,D,S,1992-2013,10-Jul,@KentConrad,,
Byron Dorgan,North Dakota,D,S,1992-2011,13-Jun,Joined after loosing office @ByronDorgan,,
John Hoeven,North Dakota,R,S,2011-present,11-Sep,@SenJohnHoeven,,
Heidi Heitkamp,North Dakota,D,S,2013-present,13-Jan,@SenatorHeitkamp,,10.7k
Sherrod Brown,Ohio,D,S,2007-present,9-Jun,@ByronDorgan,,
George Voinovich,Ohio,R,S,1999-2011,12-Jan,Joined after losing office@georgevoinovich,,
Rob Portman ,Ohio,R,S,2011-present,9-Jan,@senrobportman,,12.5k
Jim Inhofe,Oklahoma,R,S,1994-present,7-Jul,@JimInhofe,,
Tom Coburn,Oklahoma,R,S,2005-2015,NA,NA,,
James Lankford,Oklahoma,R,S,2015-present,10-Dec,@SenatorLankford,,
Gordon Smith,Oregon,R,S,1997-2009,NA,NA,,
Ron Wyden,Oregon,D,S,1996-present,11-Feb,@RonWyden,,6501
Jeff Merkley,Oregon,D,S,2009-present,9-Apr,@SenJeffMerkley,,7618
"Bob Casey, Jr.",Pennsylvania,D,S,2007-present,13-Apr,@SenBobCasey,,7769
Arlen Specter,Pennsylvania,D,S,1981-2011,9-Feb,@SenArlenSpecter,,
Pat Toomey,Pennsylvania,R,S,2011-present,10-Nov,@SenToomey,,4371
Sheldon Whitehouse,Rhode Island,D,S,2007-present,11-Jan,@SenWhitehouse,,8729
Jack Reed,Rhode Island,D,S,1997-present,12-Feb,@SenJackReed,,5086
Lindsey Graham,South Carolina,R,S,2003-present,11-Dec,@LindseyGrahamSC,,7813
Jim DeMint,South Carolina,R,S,2005-2013,7-Oct,@JimDeMint,,6051
Tim Scott,South Carolina,R,S,2013-present,10-Nov,@SenatorTimScott,,
Tim Johnson,South Dakota,D,S,1997-2015,NA,NA,,
John Thune,South Dakota,R,S,2005-present,11-May,@SenJohnThune,,4486
Mike Rounds,South Dakota,R,S,2015-present,15-Jan,@SenatorRounds,,
Bob Corker,Tennessee,R,S,2007-present,9-Sep,@SenBobCorker,,4104
Lamar Alexander,Tennessee,R,S,2003-present,9-Sep,@SenAlexander,,4454
Kay Bailey Hutchison,Texas,R,S,1993-2013,10-Apr,@kaybaileyhutch,,4650
John Cornyn,Texas,R,S,2002-present,8-Feb,@JohnCornyn,,27.2k
Ted Cruz,Texas,R,S,2013-present,9-Mar,@tedcruz,,21.1k
Orrin Hatch,Utah,R,S,1977-present,8-Dec,@OrrinHatch,,
Robert Bennett,Utah,R,S,1993-2011,NA,NA,,
Mike Lee,Utah,R,S,2011-present,9-Nov,@SenMikeLee,,4539
Bernie Sanders,Vermont,Ind,S,2007-present,9-Apr,@SenSanders,,18.7k
Patrcik Leahy,Vermont,D,S,1975-present,11-Jan,@SenatorLeahy,,12.7k
Jim Webb,Virginia,D,S,2007-2013,14-Aug,Joined after losing office @JimWebbUSA,,
John Warner,Virginia,R,S,1979-2009,NA,NA,,7308
Mark Warner,Virginia,D,S,2009-present,7-Jul,@MarkWarner,,
Tim Kaine,Virginia,D,S,2013-present,10-Jul,@timkaine,,9387
Maria Cantwell,Washington,D,S,2001-present,10-Feb,@SenatorCantwell,,5668
Patty Murray,Washington,D,S,1993-present,11-May,@PattyMurray,,13.1k
Robert Byrd,West Virginia,D,S,1959-2010,NA,NA,,
Jay Rockefeller,West Virginia,D,S,1985-2015,NA,NA,,
Carte Goodwin,West Virginia,D,S,July-Nov 2010,NA,NA,,
Joe Manchin,West Virginia,D,S,2010-present,11-Jan,@Sen_JoeManchin,,5073
Shelly Moore Capito,West Virginia,R,S,2015-present,10-Sep,@SenCapito,,
Herb Kohl,Wisconsin,D,S,1989-2013,NA,NA,,
Russ Feingold,Wisconsin,D,S,1993-2011,8-Oct,@russfeingold,,
Ron Johnson,Wisconsin,R,S,2011-present,11-Jan,@SenRonJohnson,,4198
Tammy Baldwin,Wisconsin,D,S,2013-present,13-Jan,@SenatorBaldwin,,
John Barrasso ,Wyoming,R,S,2007-present,10-Oct,@SenJohnBarrasso,,3799
Mike Enzi,Wyoming,R,S,1997-present,11-May,@SenatorEnzi,,3858