Date,Time,R_or_D,Before_or_After_Shooting,screen_name,text,case,race,mentions_terror,Shooting_related_terrorism
12/3/15,13:10:33,R,After,Robert_Aderholt,Contortions morning media going thru to shift #SanBernadinoShooting from suspected lone-wolf terrorism to gun control is astounding @msnbc,Inside,Other,1,1
6/12/16,19:02:07,R,After,RepMarthaRoby,We must dispel the notion that our struggle against radical Islamic terrorism is just an overseas fight. That fight is here in the Homeland.,Inside,Other,1,1
6/12/16,18:59:05,R,After,RepMarthaRoby,"This is the worst terrorist attack on American soil since September 11, 2001. Though reports on ties to specific groups still coming in...",Inside,Other,1,1
6/12/16,18:51:43,R,After,RepMarthaRoby,Horrified &amp; heartbroken by the terrorist attack in Orlando. I ask you to join me in prayers of comfort and healing for everyone affected...,Inside,Other,1,1
6/12/16,18:24:28,R,After,USRepGaryPalmer,"My thoughts and prayers go to the victims of the terror attack in #Orlando, their families &amp; the first responders.  https://t.co/7YGrXm1bUM",Inside,Other,1,1
10/1/15,19:02:29,R,After,USRepGaryPalmer,"#NotOneCent of sanctions relief, especially before Iran compensates victims of terror. h/t @RepMeehan #alpolitics
https://t.co/knNhlYFqrA",General-Iran,,1,0
10/1/15,16:10:58,R,After,USRepGaryPalmer,See @RepMeehan's powerful video re: Justice for Victims of Iranian Terrorism Act.  Proud to co-sponsor. #NotOneCent https://t.co/faREUNhk2Z,General-Iran,,1,0
6/11/15,22:16:07,R,After,USRepGaryPalmer,"Proud to support HR 2685, which includes a 2.3% raise for our troops &amp; $88.4 billion for fighting the War on Terror.
https://t.co/3uuMJcgjwA",General-Iran,,1,0
10/2/15,15:02:40,R,After,RepFrenchHill,ICYMI: My statement urging my colleagues to vote for a bill that gets justice for victims of Iranian terrorism: https://t.co/216HuyDooa,General-Iran,,1,0
10/1/15,21:23:41,R,After,RepFrenchHill,Here is why @RepMeehan's Victims of Iranian Terrorism Act is so important: https://t.co/DAWdhk3KaF ‚Ä¶ Proud to support this bill. #NotOneCent,General-Iran,,1,0
6/13/16,21:18:50,R,After,RepWesterman,I grieve for the families of those lost and for those injured in Sunday's terrorist attack. #PrayforOrlando https://t.co/MUlodr8ljq,Inside,Other,1,1
10/12/11,18:58:50,R,After,RepDavid,"Today on the 11th anniversary of USS Cole terror attack, we honor the memory of those lost. God bless our troops and their families. #USA",General,,1,0
6/12/16,22:52:25,R,After,DevinNunes,My statement on the #OrlandoTerrorAttack: https://t.co/Q6f2ItvlgG,Inside,,1,0
7/17/15,22:12:25,R,After,DevinNunes,"Dangerous times, from Tennessee to Tehran. My thoughts on current terror threats here: http://t.co/kc8ipv8xwP http://t.co/JBqR7bDbhG",Inside,Other,1,1
7/17/15,17:41:41,R,After,DevinNunes,I'm discussing terrorism with @RayAppletonKMJ today at 11:00 am PST on @KMJNOW. Listen live: http://t.co/ObqLscrBtf http://t.co/YLS2zNEKi7,General,,1,0
9/23/16,1:46:29,R,After,RepEdRoyce,"My legislation to ban cash payments to #Iran, the #1 state sponsor of terrorism, just passed the House: https://t.co/y04d4AtZko",General-Iran,,1,0
9/23/16,0:34:44,R,After,RepEdRoyce,"The House will vote on my legislation to stop cash payments to the #1 state sponsor of terrorism, #Iran, tonight. https://t.co/YZtpFkkplE",General-Iran,,1,0
9/23/16,0:30:43,R,After,RepEdRoyce,Appreciate @RepPoliquin's dedication to national security. He's a consensus building leader. #Iran is the #1 state sponsor of terrorism. https://t.co/87cf6KrnRx,General-Iran,,1,0
7/7/16,17:03:48,R,After,RepEdRoyce,Attended @FinancialCmte hearing on US aircraft sales to Iran. Witnesses confirmed: Iran Air facilitates terrorism - https://t.co/nZOZhvJRMB,General-Iran,,1,0
7/7/16,14:50:16,R,After,RepEdRoyce,VIDEO: My opening statement at today's @HouseForeign hearing on Admin's reckless release of terrorists from #Gitmo - https://t.co/Gzxk4KsGVW,General-Guantanamo ,,1,0
6/13/16,20:54:31,R,After,RepEdRoyce,We need to defeat the terrorists and prevail in the war against radical Islamic extremism: https://t.co/VIwfk1wkrq,Inside,Other,1,1
10/1/15,20:03:26,R,After,RepEdRoyce,My speech on the House floor supporting @RepMeehan's Justice for Victims of Iranian Terrorism Act: https://t.co/6H9x8Uentm,General-Iran,,1,0
10/1/15,18:38:16,R,After,RepEdRoyce,"#Iran has actively funded terrorist groups, operations that have resulted in hundreds of Americans‚Äô deaths: https://t.co/VQSImzWYET",General-Iran,,1,0
12/3/15,22:15:09,R,After,KenCalvert,We will not and cannot let cowards with evil intentions terrorize our communities and our country.,Inside,Other,1,1
9/23/16,3:12:17,R,After,DarrellIssa,The President‚Äôs bad deal with Iran was made even worse by a decision to pay ransom to the globe‚Äôs number one state sponsor of terror,General-Iran,,1,0
6/12/16,18:49:37,R,After,DarrellIssa,We must be resolute in our efforts to find and stop those who plan and commit these unacceptable acts of violence and terror. (3/3),Inside,Other,1,1
10/1/15,16:48:50,R,After,RepJeffDenham,Iran should receive #NotOneCent of sanctions relief before paying the billions owed to victims of their terrorism https://t.co/JENluhghXc,General-Iran,,1,0
6/12/16,14:48:57,R,After,RepPaulCook,This morning's horrifying assault in Orlando was an act of hate and terror. My prayers are with the victims of this horrific act.,Inside,Other,1,1
10/1/15,18:05:13,R,After,RepPaulCook,I just voted for #HR3457 to ensure victims of Iranian terror receive the justice they deserve. Read more--&gt; https://t.co/zmwz3gq63K #CA08,General-Iran,,1,0
10/2/15,20:16:27,R,After,RepDLamborn,It is a dangerous fantasy for the Obama Admin. to think they are going to move #Guantanamo terrorists to Colorado http://t.co/nTXXmIoGiB,General-Guantanamo ,,1,0
6/13/16,15:14:46,R,After,RepMikeCoffman,"Last night, I spoke @ a vigil honoring the victims of the #Orlando terrorist attack. #WeAreOrlando (üì∑@DurangoHerald) https://t.co/DwyFpXaHaa",Inside,Other,1,1
10/2/15,20:47:26,R,After,RepMikeCoffman,This is outrageous-I‚Äôll do everything I can to stop it- these terrorists should be at Guantanamo not CO http://t.co/VkFi7nvBTh #copolitics,General-Guantanamo ,,1,0
9/23/16,17:26:01,R,After,RepKenBuck,"Every dollar we give to Iran has the chance to fall into the hands of their terrorist proxies, Hezbollah. #HR5931",General-Iran,,1,0
9/23/16,17:25:35,R,After,RepKenBuck,America does not negotiate with terrorists. #HR5931,General-Iran,,1,0
6/12/16,19:15:19,R,After,RepKenBuck,My heart breaks for those affected by this horrible act of terrorism in Orlando.,Inside,Other,1,1
10/1/15,19:22:04,R,After,RepKenBuck,Iran must be held accountable for its terrorist acts against American citizens. #NotOneCent,General-Iran,,1,0
10/1/15,19:20:09,R,After,RepKenBuck,I voted today for a bill that prohibits the lifting of sanctions on Iran until the country pays the victims of its terrorism #NotOneCent,General-Iran,,1,0
6/12/16,18:47:50,R,After,AnderCrenshaw,". @FLGovScott, @FBI No matter the source, we will not let guard down against terrorism, hatred. #Orlando https://t.co/5Lr2iqPzId",Inside,Other,1,1
10/12/11,18:02:49,R,After,RepConnieMack,Mack: ‚ÄúTerror Plot Underscores Need for Plan with Mexico to Counter Terrorist Insurgency‚Äù http://t.co/SCBI0W0w,General,,1,0
9/23/16,14:53:46,R,After,RepDennisRoss,"Proud to join my colleagues on both sides of the isle in prohibiting ransom payments to Iran, the largest state sponsor of terrorism. https://t.co/zfEzPSeDUw",General-Iran,,1,0
10/1/15,19:30:28,R,After,RepDennisRoss,Iran is getting a pay day with #BadIranDeal while its terrorist victims await billions in compensation! #NotOneCent https://t.co/pKCpjiB0W0,General-Iran,,1,0
4/3/14,21:01:29,R,After,RepTedYoho,Tune into @cspan &amp; watch my discussion on stopping tax$ going to Palestinians imprisoned for terror-related offenses. http://t.co/1M3Ihqim6G,General-Islamic,,1,0
6/12/16,13:48:16,R,After,RepDeSantis,"My thoughts &amp; prayers are with the victims, families &amp; people of Orlando. Thanks to law enforcement who responded to this act of terror.",Inside,Other,1,1
6/12/16,15:06:59,R,After,USRepDavidJolly,This is our Paris. Let us resolve today to always confront and defeat terror at the hands of evil so that this may never happen again. 2/2,Inside,Other,1,1
6/13/16,20:17:28,R,After,RepTomGraves,Flags are at half-staff in honor of the #Orlando terrorist attack victims. Please pray for the victims &amp; families. https://t.co/ryyTeodOwQ,Inside,Other,1,1
10/1/15,17:57:34,R,After,RepRobWoodall,Proud to support #HR3457. #NotOneCent of sanctions relief to #Iran until victims of its state-sponsored terrorism have been compensated.,General-Iran,,1,0
6/12/16,17:13:03,R,After,AustinScottGA08,Please join me in praying for the victims of the terror attack in Orlando last night. Let us pray for those we... https://t.co/2cqoBZBIxO,Inside,Other,1,1
6/13/16,12:04:07,R,After,CongressmanHice,"As we #PrayForOrlando, our Nation must recognize that radical Islamic terrorists are a threat to all Americans. https://t.co/UOT0aNuWnl",Inside,Other,1,1
7/17/15,13:46:45,R,After,SteveKingIA,"Finally! Moderate Muslims come to the streets of TN to show the face of the ""Religion of Peace"" to protest terrorism! http://t.co/4khcU0J8Se",Inside,Other,1,1
9/23/16,13:40:11,R,After,RepWalorski,"The administration already sent Iran $1.7 billion in cash, and we know at least some of that will be used to fund terrorism.",General-Iran,,1,0
9/23/16,13:39:38,R,After,RepWalorski,"We don‚Äôt negotiate with terrorists because it endangers Americans. Paying ransom to #Iran, a state sponsor of terrorism, is no different.",General-Iran,,1,0
7/7/16,19:54:15,R,After,RepWalorski,I spoke on the House floor today about the danger of releasing terrorist detainees from Gitmo. WATCH: https://t.co/PXPILQWerq,General-Guantanamo ,,1,0
6/12/16,21:24:28,R,After,RepWalorski,All Americans stand with the people of Orlando in the wake of today's terrorist attack. (1/2),Inside,Other,1,1
7/7/16,17:19:43,R,After,JerryMoran,Released #GITMO detainee whereabouts unknown as @Rio2016 #Olympics approach‚Äîdetained terrorists must remain at GITMO https://t.co/aUjPsldXk8,General-Guantanamo ,,1,0
10/1/15,18:04:31,R,After,RepAndyBarr,House vote: #NotOneCent of sanctions relief for Iran before it compensates victims of its state-sponsored terrorism https://t.co/Nh5527CO6U,General-Iran,,1,0
4/22/13,19:55:28,R,After,RepAndyBarr,RT @DarrellIssa RT and share if you stand w/ me on getting answers to what happened in the #Benghazi terrorist attack http://t.co/n0uFhuAsC9,General-Islamic,,1,0
10/1/15,19:01:16,R,After,RepHalRogers,Rogers Votes for Kentucky Iranian Terror Victim's Family to be Compensated https://t.co/ysf2kH2wTh,General-Iran,,1,0
6/13/16,17:53:22,R,After,RepFleming,We mourn the loss of life in this terrorist attack: https://t.co/rsxKT5CXHw,Inside,Other,1,1
10/1/15,19:46:47,R,After,RepMoolenaar,Chief Warrant Officer Kenneth Welch of Michigan was a victim of Iranian sponsored terror in in Lebanon in 1984. https://t.co/V9MdrAsxPW,General-Iran,,1,0
10/1/15,19:46:09,R,After,RepMoolenaar,"Today, the House passed the Justice for Victims of Iranian Terrorism Act. Iran owes $43.5 billion to terror victims. https://t.co/pZ5Zi7L7Jb",General-Iran,,1,0
6/12/16,17:01:14,R,After,repdavetrott,Saddened by attack in #Orlando. Praying for victims. Reports of Islamic terrorism. America won't be intimidated by sinister ideologies.,Inside,Other,1,1
4/3/14,18:17:09,R,After,RepHuizenga,Just wrapped up speaking at a meeting hosted by @PCIAA on #TRIA (Terrorism Risk Insurance Act) http://t.co/6M1swmpBts,General,,1,0
7/7/16,17:27:04,R,After,RepMikeRogers,I have said it before but intel sharing is going to be key to defeating terrorism around the globe: https://t.co/hbQZRQXjZP,General,,1,0
6/12/16,14:59:24,R,After,petehoekstra,"Islamist terror likely cause of massacre in Fla. @TheIPT scrubbing electronic, law enforcement sources for more info on vile attack",Inside,Other,1,1
6/7/13,12:58:50,R,After,petehoekstra,Lost another tool in war on terrorists!  Leaks really do hurt our national security!,Inside,Other,1,0
9/27/12,21:08:31,R,After,petehoekstra,They knew it was the video but not that it was terrorism!,General-Islamic,,1,0
9/27/12,14:03:13,R,After,petehoekstra,Obama Administration clearly has misled America on Libyan attack.  These folks can't be trusted to fight terrorism!,General-Islamic,,1,0
6/13/16,1:00:12,R,After,repjohnkline,Vicky and I extend our prayers to families of victims of terrorist attack in Orlando. Stark reminder we are at war w/ Islamist extremists.,Inside,Other,1,1
2/26/16,20:56:18,R,After,MicheleBachmann,"This is tough but serious info every American should know.  It's elevated threat levels by terrorists against the US
https://t.co/2k6QPbwvMf",General,,1,0
9/23/16,18:54:19,R,After,RepAnnWagner,"Last night I voted to ensure the US never again makes ransom payments to Iran, the leading state sponsor of terror https://t.co/vRCsJeeCpV",General-Iran,,1,0
9/24/16,22:00:00,R,After,RepJasonSmith,"At a time when our country is under a constant threat of terrorism, more must be done to protect our security: https://t.co/3PDLtxLd4r",Inside,Other,1,1
9/23/16,14:11:47,R,After,RepHartzler,My statement on ending cash payments to world's leading state sponsor of terror --&gt; https://t.co/gUmjswl2dx,General-Iran,,1,0
6/13/16,19:06:47,R,After,RepSamGraves,My thoughts continue to be with all of those grieving from the act of terrorism Sunday in FL.Say a prayer for the victims and their families,Inside,Other,1,1
7/17/15,0:54:35,R,After,RepSamGraves,My thoughts and prayers are with the families of the four Marines lost in the terrorist attack today in Chattanooga.,Inside,Other,1,1
10/1/15,18:08:54,R,After,RepTrentKelly,Proud to support @RepMeehan's Justice for Victims of Iranian Terrorism Act #NotOneCent https://t.co/oX3lW6QL0o,General-Iran,,1,0
6/12/16,16:26:39,R,After,RepRyanZinke,Central Florida authorities are asking for blood donors to help victims of the terror attack in Orlando.,Inside,Other,1,1
6/12/16,14:01:55,R,After,RepRyanZinke,Saddened to wake up and see so many innocent lives lost in the terrorist attack in Orlando.,Inside,Other,1,1
6/13/16,13:15:41,R,After,PatrickMcHenry,In the coming days we must learn more about the terrorist attacker &amp; his ties to ISIS/radical Islam so we can prevent future attacks.,Inside,Other,1,1
10/2/15,17:54:28,R,After,PatrickMcHenry,terrorist proxies. Thanks @RepMeehan for your leadership on this important issue. Learn more here http://t.co/uwjj7dsWas. #NotOneCent (2/2),General,,1,0
10/1/15,19:51:40,R,After,RepReneeEllmers,I voted for  #NotOneCent to go to Iran until it pays the $43.5B owed to victims of terrorism. https://t.co/YagGlQHmaY,General-Iran,,1,0
10/1/15,18:36:17,R,After,RepWalterJones,Iran needs to compensate the victims of its terrorism. That's why I voted for H.R. 3457 today: https://t.co/oMLSOZtYtJ #nc03 #ncpol,General-Iran,,1,0
10/1/15,17:59:33,R,After,RepLanceNJ7,Iran must pay back the victims of their terrorism before they get a dime of sanctions relief from us.  https://t.co/M6TRcarqzc,General-Iran,,1,0
10/1/15,15:27:26,R,After,USRepRodney,Cosponsored @RepMeehan bill to provide #NotOneCent for Iranian regime until victims of Iran‚Äôs terror are compensated https://t.co/gPmWdWzyiK,General-Iran,,1,0
10/1/15,18:00:51,R,After,RepChrisSmith,Supporting court-ordered victim payments by the terror state of Iran is fundamental justice. Proud 2 support @RepMeehan's bill. #NotOneCent,General-Iran,,1,0
6/13/16,19:51:23,R,After,RepLoBiondo,In Washington for intelligence briefing on horrific anti-LGBT terror attack in Orlando. On @WPG1450 Tues 7am taking #SouthJersey calls,Inside,Other,1,1
6/13/16,19:14:31,R,After,RepStevePearce,"My thoughts and prayers continue to be with victims, families, and city of Orlando - we will not let terrorism win",Inside,Other,1,1
12/3/15,16:29:58,R,After,RepChrisCollins,"To ensure WNYers safety, I cosponsored H.R. 158, legislation to help prevent terrorists from entering the U.S. via the Visa Waiver Program",General-Iran,,1,0
6/13/16,18:18:54,R,After,RepStefanik,Today the flags of the @uscapitol are at half-staff to honor the victims of the terrorist attack in Orlando. https://t.co/gjAkdNoaqa,Inside,Other,1,1
6/12/16,20:36:02,R,After,RepPeteKing,Orlando attack is reminder that Islamist terror is a continuing threat 2 Americans overseas &amp; home. Threat greater than any time since 9/11.,Inside,Other,1,1
6/7/13,15:23:07,R,After,RepPeteKing,The NSA surveillance program is a very effective weapon in the war on terror: http://t.co/UXkRcdoi0L,General,,1,0
9/28/12,14:50:16,R,After,RepPeteKing,We were supposed 2 have learnd on 9/11 that we can no longer assume these attacks r criminal matters but are terrorism: http://t.co/Otw5k7DF,General-Islamic,,1,0
5/21/12,16:47:17,R,After,RepPeteKing,Here's @FoxNews report on my call for inquiry into classified info leak of anti-terror op involving Al Qaeda: http://t.co/BiG7Qk6E,General-Islamic,,1,0
5/21/12,15:43:04,R,After,RepPeteKing,I've requestd FBI Dir launch inquiry in2 classified info leak of anti-terror op involving Al Qaeda in Arabian Peninsula http://t.co/UsaqhFou,General-Islamic,,1,0
4/2/12,16:27:17,R,After,RepPeteKing,Calling on Secretary of State Clinton to designate Nigerian Islamist group Boko Haram as Foreign Terrorist Organization http://t.co/V5pIqoNH,General-Islamic,,1,0
2/22/12,15:48:24,R,After,RepPeteKing,Here's video of my appearance on @WPIX this morning on global terror threats: http://t.co/df3cgiYj,General,,1,0
10/13/11,22:44:11,R,After,RepPeteKing,Taping segment for @thekudlowreport on Iranian terror plot to be aired at 7pm: http://t.co/wOkj0JpI and http://t.co/3kQfu09G,General-Iran,,1,0
10/13/11,19:45:35,R,After,RepPeteKing,Will discuss the Iranian terror plot on @TheKudlowReport at 7pm.,General-Iran,,1,0
10/12/11,20:03:39,R,After,RepPeteKing,Getting ready to talk failed Iranian terror plot on @CNN with Wolf Blitzer at 4:05 p.m.: http://t.co/CzRMxZyE,General-Iran,,1,0
10/12/11,17:55:42,R,After,RepPeteKing,Will discuss Iranian terror plot on @CNN at 4:05 p.m.,General-Iran,,1,0
10/12/11,16:39:37,R,After,RepPeteKing,My statement on WMD Center ‚ÄúBio-Response Report Card‚Äù which cites failures in bioterrorism preparedness: http://t.co/vXP6k0ZF,General,,1,0
6/13/16,21:47:21,R,After,RepTomReed,My statement on the horrific terror attack in Orlando: https://t.co/Ps433ipif1 https://t.co/L4tiYGlOCq,Inside,Other,1,1
6/13/16,14:36:34,R,After,RepTomReed,The flags at the U.S. Capitol stand at half-staff to honor the victims of the terror attack in Orlando. https://t.co/3y7uyAWsYm,Inside,Other,1,1
6/12/16,16:15:09,R,After,RepDanDonovan,Praying for #Orlando victims + families. Our freedom and culture will never yield to hateful violence and terror.,Inside,Other,1,1
10/1/15,21:11:38,R,After,RepDanDonovan,I voted for Justice for Victims of Iranian Terrorism Act. Iran should get #notonecent in relief until these families receive their due.,General-Iran,,1,0
10/1/15,13:43:47,R,After,RepDanDonovan,"Today, I'll vote in support of @RepMeehan legislation to stand up for victims of Iranian terrorism #notonecent http://t.co/paC8ng4BZq",General-Iran,,1,0
6/12/16,16:39:48,R,After,RepLeeZeldin,Our entire country mourns the senseless loss of life in #Orlando after terror attack this AM https://t.co/A1uVuoodmA,Inside,Other,1,1
9/23/16,13:35:10,R,After,RepJimRenacci,"TUNE IN: Speaking with @FrantzRadio now about how Iran, the largest state sponsor of terrorism in the world, isn't going to be getting US $",General-Iran,Other,1,0
6/12/16,18:10:34,R,After,PatTiberi,My prayers are with the victims &amp; the people of Orlando. We must stand against these acts of terror that threaten our freedom and values.,Inside,Other,1,1
6/13/16,19:04:51,R,After,RepBradWenstrup,My full statement on the terrorist attack in Orlando: https://t.co/9YmYDVUyyD https://t.co/oIcPmoVS3x,Inside,Other,1,1
6/18/15,13:56:39,R,After,RepBradWenstrup,Heartbroken over the heinous act of terror committed on a Charleston congregation last night. May justice come swiftly to the perpetrator.,Inside,White,1,1
6/12/16,17:53:08,R,After,boblatta,I extend my deepest sympathies to the victims and the families of this horrific terrorist attack in Orlando.,Inside,Other,1,1
10/1/15,20:30:35,R,After,boblatta,#NotOneCent: Justice for Victims of Iranian Terrorism https://t.co/j4hCRFsaRb | https://t.co/61NZ5iHMrU https://t.co/a7nJpytyQ8,General-Iran,Other,1,0
6/13/16,18:24:17,R,After,RepSteveChabot,My thoughts &amp; prayers go out to the families &amp; loved ones of the victims of the horrific Orlando terrorist attack https://t.co/il4PQO2YKJ,Inside,Other,1,1
10/1/15,21:24:58,R,After,KeithRothfus,"Today I joined my House colleagues to pass H.R. 3457, The Justice for Victims of Iranian Terrorism Act. https://t.co/dPQ7vmU5Dn #NotOneCent",General-Iran,,1,0
10/1/15,20:18:52,R,After,RepLouBarletta,Iran should get #NotOneCent of economic relief until they pay the $43.5 billion they owe their terror victims. https://t.co/tZ1D3LHtFl,General-Iran,,1,0
7/17/15,2:46:52,R,After,RepLouBarletta,Evil on display in #Chattanooga in act of domestic terrorism.  We grieve loss of 4 Marines. Pray for the survivors. http://t.co/IyAEiirPnZ,Inside,Other,1,1
10/2/15,15:04:23,R,After,RepCharlieDent,Iran owes billions 2 American victims of state-sponsored terrorism. It should get nothing until it pays. #NotOneCent http://t.co/yUScVR3Ahp,General-Iran,,1,0
10/12/11,21:03:26,R,After,RepCharlieDent,"@JoeLieberman, @USSenScottBrown, Dent and @RepJasonAltmire Introduce Enemy Expatriation Act: http://t.co/UkLZqeZq #terrorism #citizenship",General,,1,0
10/1/15,17:44:12,R,After,RepRyanCostello,The House just passed @RepMeehan's Justice for Victims of Iranian Terrorism Act. I spoke in support of this bill: https://t.co/pXroPyM2tk,General-Iran,Other,1,0
6/13/16,13:01:22,R,After,RepTomMarino,I am disgusted by the heinous terror attack carried out in Orlando. Read my statement here &gt;&gt;&gt; https://t.co/DbvCusWl1Z,Inside,Other,1,1
9/24/16,19:00:03,R,After,RepFitzpatrick,"Despite pleas from 9/11 families, President Obama vetoed the Justice Against Sponsors of Terrorism Act which... https://t.co/bF7hXm8jjk",General-Iran,,1,0
10/1/15,22:00:04,R,After,RepFitzpatrick,It‚Äôs unconscionable to think that we would allow the world‚Äôs largest state sponsor of terror access to billions... https://t.co/Sw1SN8nSRE,General-Iran,,1,0
10/1/15,12:00:01,R,After,RepFitzpatrick,"Today, the House will stand up for the families of Iranian terrorism. #NotOneCent http://t.co/p9T92XQ8Eb",General-Iran,,1,0
7/17/15,12:00:04,R,After,RepFitzpatrick,"Next week, I will lead the #bipartisan Task Force to Investigate Terrorism Financing in taking a closer look at... http://t.co/glHCakMZO3",General,,1,0
6/17/15,12:00:05,R,After,RepFitzpatrick,The terror threat faced by our nation and our Intelligence Community is more diverse and sophisticated than ever... http://t.co/QQZbFyU8ow,General,,1,0
10/1/15,14:52:07,R,After,RepBillShuster,Proud to support PA colleague @RepMeehan &amp; ensure #NotOneCent in sanctions relief for Iran until it pays $40+ bil owed to victims of terror.,General-Iran,,1,0
7/16/15,17:38:27,R,After,RepBillShuster,"The admin has made crucial concessions that will strengthen Iran‚Äôs hand and empower this state sponsor of terror.
http://t.co/LBlw0bQr8U",General-Iran,,1,0
6/11/15,20:29:26,R,After,RepBillShuster,President Obama still has no plan to defeat #ISIL. What do you think we need to do to defeat these radical Islamic terrorists?,General-Islamic,,1,0
6/13/16,12:59:33,R,After,MikeKellyPA,The victims of the #Orlando terrorist attack must remain in our prayers. The defeat of radical Islamism must remain our paramount priority.,Inside,Other,1,1
12/3/15,20:30:48,R,After,MikeKellyPA,"Mr. President: Instead of climate control or gun control, we need terror control and serious American leadership for a world out of control.",Inside,Other,1,1
12/3/15,14:29:35,R,After,MikeKellyPA,Everyone in #SanBernadino continues to be in my deepest prayers. Please keep praying for the victims and their families. Terror cannot win.,Inside,Other,1,1
10/1/15,20:15:53,R,After,MikeKellyPA,Iran must get #NotOneCent in sanctions relief AT LEAST until it fully compensates US victims of its terror. https://t.co/5fyzIbyXCd #HR3457,General-Iran,,1,0
10/1/15,20:08:04,R,After,MikeKellyPA,"#HR3457 reminds #Iran that terrorism against Americans will never be tolerated or forgotten. Senate must pass, POTUS must sign. #NotOneCent",General-Iran,,1,0
10/1/15,18:00:49,R,After,MikeKellyPA,Today the House passed the 'Justice for Victims of Iranian Terrorism Act.' Proud to co-sponsor. VIDEO: https://t.co/5fyzIbyXCd #NotOneCent,General-Iran,,1,0
6/13/16,17:39:46,R,After,CongressmanGT,"Continuing to pray for those in Orlando who were lost, grieving &amp; recovering from the terrorist &amp; senseless violence that took so many lives",Inside,Other,1,1
12/2/15,15:35:57,R,After,CongressmanGT,Attended task force on Combatting Terrorist and Foreign Fighter Travel briefing this AM.  #Safety #Security,Inside,Other,1,1
7/7/16,21:08:17,R,After,RepJoeWilson,Click to watch my questioning in today's hearing with @HouseForeign on the release of #Gitmo terrorists: https://t.co/e7IE5AVkiq,General-Guantanamo ,,1,0
7/7/16,17:05:52,R,After,RepJoeWilson,.@HouseForeign met to discuss the reckless release of #Gitmo terrorists. Spoke w/ @Raffiwilliams on this topic https://t.co/yN1Y5tfkff,General-Guantanamo ,,1,0
6/13/16,18:25:12,R,After,RepJoeWilson,Speaking with @PeterZampa from @WRDW_WAGT on the most recent act of terror in Orlando https://t.co/JY68ouiJMQ,Inside,Other,1,1
6/13/16,15:02:23,R,After,DesJarlaisTN04,Islamic terrorism is real and it is beyond time we started treating it as such. Muslims across the U.S need to disavow radical Islam!,Inside,Other,1,1
6/12/16,19:14:34,R,After,DesJarlaisTN04,I am deeply sadden by today's terrorist attack in Orlando.  My prayers go out to all the families and those affected by this tragedy.,Inside,Other,1,1
10/1/15,15:01:56,R,After,DesJarlaisTN04,Iran owes billions in compensation to the victims of its state-sponsored terrorism. #NotOneCent until they pay up. http://t.co/T5NA2hxJpl,General-Iran,Other,1,1
6/13/16,14:14:10,R,After,RepChuck,Yesterday I joined @BretBaier to discuss the tragic #Orlando terrorist attack &amp; my bill to combat #ISIS @FoxNews https://t.co/0xE3UoNzVq,Inside,Other,1,1
9/23/16,15:06:46,R,After,RepBrianBabin,ICYMI: My effort to stop refugee program from terrorist hotbeds was featured on @FoxNews @SpecialReport w/@BretBaier https://t.co/rKdugmS37p,General,,1,0
6/13/16,17:53:42,R,After,RepBrianBabin,#Orlando terrorist attack yet another sobering reminder we are under attack from Islamic Jihadists. https://t.co/dI5gzm8kWW,Inside,Other,1,1
10/1/15,17:53:57,R,After,PeteSessions,"Proud to support the passage of H.R. 3457,Justice for Victims of Iranian Terrorism Act. Read my full statement here: https://t.co/TpUzeSsW7s",General-Iran,,1,0
4/4/14,22:46:43,R,After,JudgeCarter,I was disappointed today by Holder's answer on why the 09 #FtHood shooting has not been declared an act of terror http://t.co/IBSewTaBpq,Inside,Latino,1,1
4/4/14,19:30:30,R,After,JudgeCarter,I demanded answers from AG Holder on why the 09 #FtHood shooting has not been declared an act of terror. http://t.co/oUU4krxVo5,Inside,Latino,1,1
6/13/16,13:20:58,R,After,RepRWilliams,"This terrorist pledged loyalty to ISIS, and it illustrates that the threat of terrorism has once again made it to our shores",Inside,Other,1,1
6/13/16,13:20:18,R,After,RepRWilliams,"I am appalled by the despicable act of terrorism in Florida, and I am praying for the victims and their families and loved ones",Inside,Other,1,1
6/12/16,20:44:56,R,After,michaelcburgess,I am so grateful for the quick reaction of @OrlandoPolice to prevent even more loss in this terror attack on U.S. soil #PrayersForOrlando,Inside,Other,1,1
6/12/16,21:10:20,R,After,TXRandy14,My statement on the Orlando terror attack. https://t.co/yRqziUmpsp,Inside,Other,1,1
2/26/16,0:41:30,R,After,TXRandy14,As many as one in three former GITMO detainees have returned or are suspected of returning to terrorist orgs. https://t.co/YgaOAxt06P,General-Guantanamo ,,1,0
6/12/16,15:49:19,R,After,RepMcCaul,"Instead, tragedies like this only strengthen our resolve to fight back against terror &amp; prevail over extremism wherever it emerges.",Inside,Other,1,1
6/12/16,15:46:17,R,After,RepMcCaul,This appears to be the worst terrorist attack on American soil since 9/11.,Inside,Other,1,1
6/12/16,18:44:03,R,After,CongCulberson,Horrified and deeply saddened by the acts of terror in Orlando. Our thoughts and prayers are with the victims and families.,Inside,Other,1,1
10/2/15,15:45:00,R,After,CongCulberson,Iran owes $43.5 billion to victims of terror. #NotOneCent of sanction relief until Iran pays up. RT if you agree http://t.co/CbYZv3abzS,General-Iran,,1,0
2/25/16,14:49:39,R,After,JudgeTedPoe,‚Ä¢The Somali terrorist group al Shabaab killed four people and injured eight others on Thursday in a mortar attack... https://t.co/HSYxnZFojq,General-Islamic,,1,0
12/3/15,16:19:49,R,After,JudgeTedPoe,"Today's Terrorism Update: 

British Tornado jets carried out air strikes against Islamic State targets in Syria... https://t.co/vCzITdlNZk",General-Islamic,,1,0
10/2/15,15:07:51,R,After,JudgeTedPoe,"Today's Terrorism Update:
On the third day of airstrikes in Syria, Russian jets continued bombing areas mainly... http://t.co/vDkEydFTBy",General-Islamic,,1,0
10/1/15,14:37:37,R,After,JudgeTedPoe,"Today's Terrorism Update:
Russian jets carried out a second day of air strikes in Syria today, targeting areas... http://t.co/nDwnMqwGLP",General-Islamic,,1,0
7/17/15,13:03:04,R,After,JudgeTedPoe,"Today's #TerrorismUpdate:
http://t.co/CT0gN9tUbZ",General-Islamic,,1,1
7/16/15,15:38:14,R,After,JudgeTedPoe,"Today's #TerrorismUpdate:
http://t.co/CT0gN9tUbZ",General-Islamic,,1,1
6/17/15,20:25:04,R,After,JudgeTedPoe,@World_Wildlife House passes Poe amendment requiring report on #terrorist use of Wildlife #Trafficking. http://t.co/jC2qno3eMw,General,,1,0
6/17/15,19:50:23,R,After,JudgeTedPoe,Poe amendment passes requiring report on #terrorist use of Wildlife #Trafficking. http://t.co/jC2qno3eMw @ElephantLeague @united4wildlife,General,,1,0
6/17/15,19:49:17,R,After,JudgeTedPoe,House passes Poe amendment requiring report on #terrorist use of Wildlife #Trafficking. http://t.co/jC2qno3eMw  @TuskTrust @KensingtonRoyal,General,,1,0
6/12/16,20:07:06,R,After,RepComstock,This is an attack on all civilized people.  We must stand united..against..terrorism. https://t.co/RDTiFfkOmv #VA10 https://t.co/xjc8udAOf1,Inside,Other,1,1
10/1/15,19:45:14,R,After,RepComstock,3 NOVA victims of Iranian terrorist acts are entitled to $645.5 mill. in restitution. https://t.co/TNqhGhfzQY #VA10 https://t.co/b2yTduSYmK,General-Iran,,1,0
7/16/15,22:05:32,R,After,RepDaveBrat,In 5yrs #IranDeal lifts arms embargo agst Iran providing add'l arms 4 terrorism &amp;proxy wars agst our allies in region http://t.co/79VoQLserJ,General-Iran,,1,0
10/1/15,21:00:21,R,After,RepRobertHurt,"Today, I voted in favor of the Justice for Victims of Iranian Terrorism Act: 
https://t.co/zwjxyURKwN #NotOneCent",General-Iran,,1,0
6/12/16,23:12:41,R,After,RepScottRigell,Teri &amp; I join our nation in deploring the #Orlando terror attack &amp; mourning the profound loss. https://t.co/mdOaEKBj4B,Inside,Other,1,1
10/2/15,21:06:19,R,After,HerreraBeutler,Voted so Iran receives #NotOneCent in sanction relief until it pays the families victimized by its terrorist actions https://t.co/wU2lqRdSti,General-Iran,,1,0
10/1/15,20:44:20,R,After,RepNewhouse,Today I voted to require Iran to pay court-ordered compensation to Iran's state-sponsored terror victims https://t.co/f4ExNiION7,General-Iran,,1,0
10/1/15,17:58:35,R,After,RepEvanJenkins,Victims of Iranian terrorism deserve justice. #NotOneCent https://t.co/EOpnR6yWEu,General-Iran,,1,0
10/1/15,18:01:53,R,After,RepAlexMooney,The victims of Iran‚Äôs terror deserve justice. That‚Äôs why I voted for H.R. 3457. https://t.co/lRfooq1OfA,General-Iran,,1,0
6/12/16,6:00:00,R,After,lisamurkowski,We need to come together to ensure we don't let terrorists divide us while we seek to protect ourselves &amp; ensure this never happens again.,Inside,Other,1,1
6/12/16,6:00:00,R,After,lisamurkowski,What happened in Orlando was an absolute tragic act of terrorism spawned by an ideology of hate being pushed by ISIS.,Inside,Other,1,1
6/12/16,6:00:00,R,After,JohnBoozman,This act of terrorism in #Orlando is an attack on our freedoms. We must have the resolve to defeat #ISIS. https://t.co/JrY94bilZ7 #arpx,Inside,Other,1,1
9/23/16,6:00:00,R,After,SenCoryGardner,I'll continue to work to ensure that the terrorists in GTMO stay in Cuba and out of our backyards. Learn more here: https://t.co/cUvTSozJ9l,General-Guantanamo ,,1,0
7/26/13,6:00:00,R,After,SaxbyChambliss,"w recidivism rate at 28%, no detainee should be transferred unless we're confident he will be monitored and can't renew terrorist ties.",General-Guantanamo ,,1,0
7/26/13,6:00:00,R,After,SaxbyChambliss,People across America are very concerned that WH still has no plan for these hard-core terrorists if efforts to close Gitmo are successful.,General-Guantanamo ,,1,0
6/13/16,6:00:00,R,After,SenatorRisch,I'll be live in a few minutes with @wolfblitzer on @CNNSitRoom to discuss what we know about Orlando terror attack. https://t.co/v52qbBASQn,Inside,Other,1,1
7/18/16,6:00:00,R,After,SenatorKirk,The flawed #IranDeal gives Tehran billions in resources to support terrorism &amp; terror sponsoring regimes https://t.co/isl9ozpW1w,General-Iran,,1,0
6/12/16,6:00:00,R,After,SenatorKirk,The #Orlando terrorist attack reminds us of the threat ISIS poses &amp; the need for swift action to protect Americans. https://t.co/Vx5fp3kcf2,Inside,Other,1,1
2/26/16,6:00:00,R,After,SenatorKirk,Reckless policy of transferring #Gitmo terrorists to state-sponsors of terror allows them to rejoin the fight: https://t.co/say7O3cUPc,General-Guantanamo ,,1,0
10/1/15,6:00:00,R,After,SenatorKirk,In 13-9 vote Senate Banking passes Toomey-Kirk ‚ÄúJustice for Victims of Iranian Terror‚Äù bill as House votes on bill http://t.co/yBkuTW5TP2,General-Iran,,1,0
6/18/15,6:00:00,R,After,SenDanCoats,@marybschneider I don't support torture (who does) but don't want to overly restrict Pres when US faces most terrorist threats since 9-11,General,,1,0
6/17/15,6:00:00,R,After,SenDanCoats,The Obama Administration cannot overlook Iran‚Äôs support for terrorism http://t.co/alU8zqP4DC,General-Iran,,1,0
9/24/16,6:00:00,R,After,SenateMajLdr,.@SenRubioPress discusses how Americans must not accept terrorist attacks as the new normal. https://t.co/A6qYpciul6 via @ABCNewsRadio,General,,1,0
7/8/16,6:00:00,R,After,SenateMajLdr,"At a time when we face an array of terror threats around the globe, we cannot afford to put politics above support for our troops.",General,,1,0
6/13/16,6:00:00,R,After,SenateMajLdr,It‚Äôs no longer a question if followers of #ISIS &amp; other terrorist groups will attempt to strike the West. They have &amp; they'll continue to.,General-Islamic,,1,0
6/13/16,6:00:00,R,After,SenatorCollins,"As we mourn the victims of terrorism in #Orlando, we must stand strongly with our LGBT friends against this violent hatred.",Inside,,1,0
6/12/16,6:00:00,R,After,SenThomTillis,My heart goes out to everyone affected by the horrific act of terror in Orlando. Susan &amp; I are praying for the victims &amp; their families.,Orlando nightclub massacre,Other,1,1
2/26/16,6:00:00,R,After,SenThomTillis,I will do everything I can to help stop the President's plan to close #Gitmo and keep terrorists out of America. https://t.co/9SROPcvjAw,General-Guantanamo ,,1,0
6/12/16,6:00:00,R,After,SenatorBurr,"Law enforcement authorities are investigating the attack as a terrorist incident, and we should allow the investigation to unfold.",Inside,Other,1,1
6/17/15,6:00:00,R,After,SenatorBurr,On @CNNSitRoom - We've got to be on these terrorists from the beginning.,General,,1,0
6/17/15,6:00:00,R,After,SenatorBurr,On @CNNSitRoom - Clearly there are a lot of terrorist groups that have the intent 2 attack &amp; indivs who have been inspired 2 take action.,General,,1,0
6/12/16,6:00:00,R,After,JimInhofe,My prayers are w/all those impacted by this senseless act of terror in Orlando. Thank you to brave 1st responders who saved lives.,Inside,Other,1,1
2/25/16,6:00:00,R,After,SenatorLankford,Even AG Lynch admits it's illegal to transfer terrorists from #Gitmo to the US. The law that prohibits it was signed by POTUS last year.,General-Guantanamo ,,1,0
6/12/16,6:00:00,R,After,SenToomey,Law enforcement officials are investigating this shooting as an act of terrorism &amp; it appears to have taken many lives. 2/3,Inside,Other,1,1
10/1/15,6:00:00,R,After,SenToomey,Why is @POTUS threatening to veto a bill to provide justice to victims of Iranian terrorism? http://t.co/xuoIcGbUyV,General-Iran,Other,1,0
6/13/16,6:00:00,R,After,SenBobCorker,"Appreciate the Christians, Muslims and leaders of all faiths who have stepped forward to condemn the tragic terrorist attack in Orlando.",Inside,Other,1,1
12/3/15,18:21:30,D,After,RepDeSaulnier,"Over the last 11 yrs, 2,000+ suspects on the FBI Terrorist Watchlist bought weapons in the U.S. Congress must close this #TerroristLoophole",General,,1,0
6/13/16,18:39:27,D,After,LorettaSanchez,"Let's stand in solidarity with the LGBTQ community against hate, gun violence &amp; terrorism #PrayForOrlando https://t.co/Bj2xILHAOl",Inside,Other,1,1
12/3/15,1:56:29,D,After,AGBecerra,It‚Äôs time to end these senseless acts of #gunviolence terrorizing our children and families #SanBernardino #ColoradoSpringsShooting,Inside,Other,1,1
6/13/16,14:19:53,D,After,BradSherman,My deepest sympathies to the victims of this tragedy.We must do everything we can to keep guns out of the hands of terrorists #OrlandoUnited,Inside,Other,1,1
11/27/15,15:37:57,D,After,BradSherman,Will be on @msnbc at 11:30am (8:30amPT) discussing #terrorism #isis and U.S. Foreign policy,General-Islamic,,1,0
6/13/16,17:59:10,D,After,RepAdamSchiff,"Donald Trump's next impulse after terror attack was to ban Muslims again; how predictable, how counter-productive. https://t.co/VDC6WVRN2E",Inside,Other,1,1
6/13/16,17:58:36,D,After,RepAdamSchiff,Donald Trump's first impulse after the terror attack was to congratulate himself. How very Presidential. https://t.co/VDC6WVRN2E,Inside,Other,1,1
6/13/16,13:40:10,D,After,RepAdamSchiff,The mass shooting in #Orlando was an attack on the LGBT community and all Americans. An act of terror and hate.,Inside,Other,1,1
6/12/16,16:38:22,D,After,RepAdamSchiff,"This morning, I'll be marching in WeHo Pride Parade with heavy heart. We march in solidarity with all victims of terrorism &amp; hatred #Orlando",Inside,Other,1,1
12/3/15,17:26:36,D,After,RepAdamSchiff,FBI is conducting investigation into suspects to determine motive &amp; whether there is any connection to terror or evidence of radicalization.,Inside,Other,1,1
12/3/15,14:42:36,D,After,RepAdamSchiff,"At this point, we can‚Äôt rule anything out. We're examining if any links to terror, workplace violence or other motivations. #SanBernardino",Inside,Other,1,1
11/28/15,18:08:41,D,After,RepAdamSchiff,"As we continue to confront terrorist threats, reforms such as these are a model of how privacy and security need not be mutually exclusive",General,,1,0
11/27/15,22:06:04,D,After,RepAdamSchiff,Will be talking with @MarthaRaddatz on @ThisWeekABC on Sunday about terror threat &amp; ISIS strategy in Syria and Iraq. https://t.co/LZBKEoCWIY,General-Islamic,,1,0
7/16/15,22:48:55,D,After,RepAdamSchiff,I received preliminary briefing. It's too early to determine whether gunman had connection to foreign terrorist org such as ISIS or Al Qaeda,Inside,Other,1,0
5/23/14,16:36:58,D,After,RepAdamSchiff,"Read CNN's @evanperez great story on sunsetting the #AUMF: ""Setback for ending the 'never-ending' war"" http://t.co/blEpiCHWo4 #WarOnTerror",General,,1,0
6/13/16,0:09:26,D,After,RepMcNerney,"We cannot stand for these acts of hate, violence &amp; terrorism that cut short the lives of too many innocent victims: https://t.co/8zKHRvAa2X",Inside,Other,1,1
6/12/16,22:22:49,D,After,RepPerlmutter,"The horrific attack in Orlando is a clear act of terrorism &amp; hate. My heart is with the victims, their families and the Orlando community.",Inside,Other,1,1
12/2/15,18:34:30,D,After,RepPerlmutter,People on the FBI‚Äôs Terrorist Watchlist shouldn‚Äôt be able to buy guns &amp; explosives- that‚Äôs why I‚Äôm supporting #HR1076.,Inside,Other,1,1
6/12/16,15:57:50,D,After,RepJoeCourtney,Hate/terrorism has struck in Orlando today. America stands with #OrlandoStrong.,Inside,Other,1,1
12/3/15,15:40:42,D,After,RepJoeCourtney,Voted for 3rd time this week for bipartisan legislation to close gun loophole for suspects on FBI Terror Watchlist. Blocked by GOP Majority.,General,,1,0
6/12/16,16:22:05,D,After,GwenGraham,This act of terror is a hate crime against the entire LGBT community.  Hate and extremism is dangerous and disgusting in any form.  4/,Inside,Other,1,1
6/13/16,17:53:43,D,After,RepCheri,"To all mourning the terrorist attack in #Orlando, know that I stand w/ you in pride, resolve &amp; compassion #LGBT https://t.co/jBBPgE9e0P",Inside,Other,1,1
7/17/15,11:53:16,D,After,Call_Me_Dutch,"Talking #terrorism w/ @FOXBaltimore, tune in!",General,,1,0
6/12/16,16:44:43,D,After,chelliepingree,"Thoughts w/families, police officers in FL shooting. Let‚Äôs set aside differences &amp; stand up to gun violence, hate crimes, domestic terror.",Inside,Other,1,1
7/7/16,19:49:21,D,After,RepLawrence,FACT: @HouseGOP have refused to keep guns out of the hands of suspected terrorists 19 times! RT to tell them: #enough; #DisarmHate!,General,,1,0
12/3/15,15:26:57,D,After,RepLawrence,Will @HouseGOP miss the 3rd opportunity this week to close a loophole that allows those on US #terrorist watch list to legally buy #guns?,General,,1,0
12/2/15,15:34:21,D,After,RepLawrence,When will @HouseGOP close the loophole that allows suspected #terrorists to legally buy guns in the U.S.? https://t.co/iiViA3RdII,Inside,Other,1,1
11/28/15,20:24:05,D,After,RepLawrence,Tell @TheJusticeDept to #InvestigateClinicViolence as domestic terrorism. Sign now: https://t.co/FVjlfANQ9Y,Inside,White,1,1
9/6/11,14:06:39,D,After,BillOwensNY,Watertown Daily Times | 10th Mountain has been on front line of war against terrorism: http://t.co/2RIEBRp,General,,1,0
6/13/16,13:45:08,D,After,RepJeffries,We must identify all ISIS inspired terrorists on our soil and keep weapons of mass destruction out of their hands #PrayForOrlando,Inside,Other,1,1
6/13/16,20:55:06,D,After,NitaLowey,"In addition to fighting ISIS terror, we must stop gun violence to prevent another heinous attack like Orlando. #orlandounited",Inside,Other,1,1
6/13/16,20:04:25,D,After,NitaLowey,Our hearts &amp; prayers are w/ all those affected by Orlando attack &amp; w/ LGBTQ community. We must stand against hate &amp; terror #orlandounited,Inside,Other,1,1
6/12/16,18:56:05,D,After,RepEliotEngel,An act of terror and the worst mass shooting in American history. My heart goes out to the people of #Orlando during this horrifying time.,Inside,Other,1,1
6/12/16,18:51:18,D,After,RepEliotEngel,"The scourge of gun violence, whether by terrorists in Orlando or gangs in Mt. Vernon, must be stopped. We need to get guns off the streets.",Inside,Other,1,1
12/3/15,23:38:45,D,After,RepGregoryMeeks,"My statement:""Republicans Disallowing Vote on the Denying Firearms and Explosives to Dangerous Terrorists Act"" here: https://t.co/pS9E2O5sja",General,,1,0
7/7/16,18:36:30,D,After,RepSteveIsrael,.@HouseGOP infighting has gotten so bad they can't even agree that we need to do more to protect Americans from terrorism #DoYourJob,General,,1,0
6/12/16,14:15:58,D,After,RepSteveIsrael,Prayers for victims of terrorist gun attacks in #Orlando. Angry that @HouseGOP rejects closing gun loopholes. #beholdentoNRA,Inside,Other,1,1
12/3/15,16:14:47,D,After,RepSteveIsrael,3rd day in row @HouseGOP votes to continue allowing suspected terrorists to legally buy #guns that could be used against Americans,General,,1,0
12/2/15,19:56:26,D,After,RepSteveIsrael,2nd day in row @HouseGOP blocks vote on bipartisan bill 2 prevent suspected terrorists from buying guns- playing politics w Americans safety,General,,1,0
12/2/15,18:46:37,D,After,RepSteveIsrael,Must read of the day: @HouseGOP blocks House debate on bill to stop suspected terrorists from buying guns ‚Üí https://t.co/3lXblszSUG,General,,1,0
6/17/15,14:47:36,D,After,RepSteveIsrael,House passed my #bipartisan amendment to better prevent illicit tunnels from being used by terrorist/criminal orgs http://t.co/XjuCkMxWh0,General,,1,0
7/7/16,17:00:56,D,After,TimRyan,.@politico we're talking about preventing suspected terrorists from purchasing guns. It shouldn't be a difficult decision. #NoFlyNoBuy,General,,1,0
7/8/16,1:51:53,D,After,RepMarcyKaptur,"Today I tried 2 times to force vote on @RepPeterKing's #NoFlyNoBuy bill -- FBI‚Äôs terrorist list from buying guns.
 
https://t.co/5Gl2BJ0LcB",General,,1,0
12/3/15,22:25:56,D,After,RepMarcyKaptur,House Republican Leadership needs to stop blocking a vote to keep guns out of the hands of terrorists. My statement: https://t.co/g5WESXN9sy,General,,1,0
6/12/16,17:58:06,D,After,RepBrady,Deeply appalled &amp; saddened by the innocent murders in #Orlando. My prayers are with the victims of this hate crime and act of terrorism.,Inside,Other,1,1
6/12/16,17:50:46,D,After,repjimcooper,Horrible news out of Orlando. We must be resolute against terrorism &amp; do more to keep guns out of the hands of maniacs who would do us harm.,Inside,Other,1,1
6/13/16,18:42:28,D,After,RepGeneGreen,Our prayers are w/the victims of Sunday‚Äôs horrifying act of terror at #Orlando‚Äôs Pulse gay nightclub. #HTX is w/you. https://t.co/K5j5YkIZRr,Inside,Other,1,1
9/7/11,13:55:34,D,After,RepJimMcDermott,"Graphic: how Patriot ""sneak-and-peak"" warrants have been used. Only .8% of the time to investigate terror. http://t.co/qrXOhVG via @nymag",General,,1,0
10/2/15,18:31:18,D,After,RepGwenMoore,.@POTUS to media: post numbers of those killed through terrorist attacks/gun violence. US news orgs have responded. http://t.co/SUfimKMDpz,General,,1,0
6/12/16,18:34:08,D,After,repmarkpocan,"1/2 .@SpeakerRyan ""an act of terror and an act of hate"" with an assault weapon. Any chance Congress takes on any of the 3 issues this week?",Inside,Other,1,1
4/22/13,6:00:00,D,After,MarkUdall,Glad @TheJusticeDept will try Tsarnaev in fed court. We have powerful record of convicting terrorists in fed courts; justice will be served.,General,,1,0
4/22/13,6:00:00,D,After,MarkUdall,Int‚Äôl teamwork is critical to stopping #terrorism. Glad #Canada averted an attack on a #Toronto-NYC rail line: http://t.co/kVzXA9KoSx,General,,1,0
6/13/16,6:00:00,D,After,SenGaryPeters,We stand in solidarity with #Orlando following devastating terrorist attack. See #MI area events to honor victims: https://t.co/ZzyB2rHo6J,Inside,,1,1
9/27/12,6:00:00,D,After,FrankLautenberg,Must read: #GOP #NJ mayors support closing gun show loophole &amp; Terror Gap. Putting the safety of #NJ over #NRA agenda. http://t.co/eKze8lxc,General,,1,0
6/13/16,6:00:00,D,After,SenatorReid,We have responsibility to do what we can to prevent gun violence. Let's start by closing loophole allowing terrorists to purchase weapons.,General,,1,0
6/13/16,6:00:00,D,After,SenatorReid,"This act of terror was an attack on the LGBT community; an attack on acceptance, freedom and love; an attack on America.",Inside,Other,1,1
12/3/15,6:00:00,D,After,SenatorReid,"If a suspected terrorist is trying to purchase a gun, the Republican response is ""maybe."" Our response is ""no!"" https://t.co/6hywgbgTKF",General,,1,0
12/3/15,6:00:00,D,After,SenatorReid,Republicans are offering an alternative amendment that doesn't keep terrorists from getting guns. https://t.co/lyNMN0ItwL,General,,1,0
12/3/15,6:00:00,D,After,SenJackReed,We face threats from terrorists &amp; mass-shootings. GOP should agree on need to prevent terrorist suspects on no-fly list from buying guns.,General,,1,0
7/15/16,1:22:07,R,Before,RepMarthaRoby,"The latest from Nice, France via NBC news. 75 or more killed apparent terror attack... https://t.co/YdLwNxix80",France Attacks,,1,0
2/23/16,20:56:48,R,Before,salmoncongress,"With global terrorism on the rise, closing #Gitmo is not the answer.",General-Guantanamo ,,1,0
9/21/16,23:00:47,R,Before,RepEdRoyce,"This Friday, the House will vote on legislation I've authored to prohibit future cash payments to #Iran, the #1 state sponsor of terror. https://t.co/ZSI7Y4kOtp",General-Iran,,1,0
2/23/16,21:28:14,R,Before,RepEdRoyce,"As @HouseForeign Chair, I introduced the Terrorist Release Transparency Act today regarding news on #Gitmo: https://t.co/oaBeQr0SmT",General-Guantanamo ,,1,0
5/21/14,19:19:01,R,Before,KenCalvert,"Yesterday, I voted for H.Res. 573, which condemns the horrific abductions in Nigeria by a terrorist group.  #freeourgirls",General-Islamic,,1,0
7/15/16,2:50:50,R,Before,DarrellIssa,"To the victims of this horrible attack on France, know this: we are with you all the way. We must defeat these terrorists.",France Attacks,,1,0
2/23/16,20:12:25,R,Before,DarrellIssa,Moving terrorists from Gitmo to U.S. soil proves Obama is once again willing to set aside the rule of law https://t.co/T8OxHkOH4V,General-Guantanamo ,,1,0
7/15/16,15:30:20,R,Before,RepPaulCook,My prayers are with the families of the victims of last night's horrific terror attack in France. https://t.co/F7U363hwfv,France Attacks,,1,0
7/15/16,0:10:20,R,Before,RepDavidValadao,"America stands united with France against terror. Praying for the victims in #Nice, their loved ones, and the Nation of France.",France Attacks,,1,0
7/5/16,17:12:21,R,Before,RepDLamborn,Always a pleasure to join @securefreedom radio. We discussed terrorism and #GITMO issues Listen here: https://t.co/i5Bx5CkBAy,General-Guantanamo ,,1,0
9/21/16,20:36:35,R,Before,RepTipton,Depriving evil regimes of the ability to fund terrorism should not be a partisan issue. Proud to support @RepPoliquin's #HR5461. https://t.co/WNJpyEpc7O,General-Iran,,1,0
7/15/16,1:52:28,R,Before,RepKenBuck,"Evil has struck again, this time in Nice, France. Let's pray tonight for those impacted by this horrible terrorist attack.",France Attacks,,1,0
2/23/16,18:24:04,R,Before,RepKenBuck,I don‚Äôt want terrorists in my neighborhood. Keep the terrorists in #Gitmo,General-Guantanamo ,,1,0
2/23/16,18:13:03,R,Before,RepKenBuck,I will fight to the very end to keep #Gitmo terrorists off of American soil.,General-Guantanamo ,,1,0
2/23/16,18:00:42,R,Before,RepKenBuck,Congress has already told the President he cannot legally transfer terrorists from #Gitmo to American soil.,General-Guantanamo ,,1,0
2/23/16,16:59:22,R,Before,RepKenBuck,Should Guantanamo terrorists be transferred to Colorado prisons? #Gitmo #copolitics,General-Guantanamo ,,1,0
7/15/16,12:01:25,R,Before,AnderCrenshaw,"America stands with France as it mourns the innocent,
peaceful lives lost to another round of devastating terrorism. #PrayForNice",France Attacks,,1,0
9/29/15,19:45:37,R,Before,AnderCrenshaw,#NotOneCent in sanctions relief until victims of Iran-sponsored terrorism paid relief they are due. http://t.co/jdUinx5Hy0,General-Iran,,1,0
2/23/16,17:13:06,R,Before,RepGusBilirakis,Not only is this illegal...moving terrorists to our homeland is an incredibly reckless decision: https://t.co/CK8zTpk7Qj #Gitmo,General-Guantanamo ,,1,0
2/23/16,15:43:13,R,Before,VernBuchanan,"Pentagon plan to close Gitmo is ‚Äúdangerous, irresponsible and illegal.‚Äù 1 in 3 released detainees return to terror. https://t.co/ui6EcfzxyR",General-Guantanamo ,,1,0
12/12/12,19:03:37,R,Before,VernBuchanan,American tax dollars must not be used to aid and abet any dictatorial regime that stands with terrorists! #NoAid2Egypt http://t.co/EtaNnVrT,General-Islamic,,1,0
5/18/12,13:34:42,R,Before,VernBuchanan,heading to the floor to vote DOWN an amendment granting constitutional rights to foreign terrorists captured on U.S. soil,General,,1,0
7/24/13,14:59:27,R,Before,TomRooney,Video: Blocking Pay for #FtHood terrorist http://t.co/VAMUuXUVQF,Inside,Latino,1,1
4/19/13,14:02:44,R,Before,TomRooney,"Video: #FtHood victim w/bullets still in body, waiting for govt to label attack terrorism so he can get med benefits http://t.co/zzmcGZ8keq",Inside,Latino,1,1
4/19/13,14:00:51,R,Before,TomRooney,"Video: by refusing to recognize #FtHood attacks as terrorism, Obama Admin denies victims #PurpleHeart, benefits http://t.co/zzmcGZ8keq",Inside,Latino,1,1
2/23/16,16:33:43,R,Before,RepDennisRoss,POTUS' irresponsible plan to close #GuantanamoBay puts our nation &amp; its people in direct danger. This is a free pass for terrorists to kill.,General-Guantanamo ,,1,0
7/14/15,11:48:38,R,Before,RepDennisRoss,POTUS legacy paves way for a Nuclear Iran and gives Tehran millions to fund their global terror. #StandWithIsrael #baddeal,General-Iran,,1,0
2/23/16,17:43:34,R,Before,RepDeSantis,Congress should remain steadfast in blocking the President from bringing hardened terrorists to our shores: https://t.co/qQHgqrR5HL. #GTMO,General-Guantanamo ,,1,0
7/14/15,14:50:49,R,Before,RepDeSantis,"Make no mistake, #IranDeal less a ""deal"" than a list of concessions to world's leading state sponsor of terrorism: http://t.co/8Qw6GxOY2K.",General-Iran,,1,0
7/14/15,11:28:12,R,Before,RepDeSantis,"#IranDeal will further destabilize the Middle East, allow Iran to foment more terrorism &amp; aid Iran's rise as dominant power in the region.",General-Iran,,1,0
9/29/15,18:04:35,R,Before,USRepDavidJolly,#NotOneCent for Iran until they compensate the victims of its state-sponsored terrorism. https://t.co/liNYAZf9kG,General-Iran,,1,0
9/21/16,11:36:03,R,Before,JackKingston,Hillary calls millions of Americans deplorable &amp; unredeemable but won't call terrorists radical Isalamic extremists https://t.co/r92PBM4xz5,General-Islamic,,1,0
9/21/16,22:35:09,R,Before,RepTomGraves,House just passed legislation to help provide first responders w/ the skills &amp; training to counter terrorist threats https://t.co/bJ3Jf96tvJ,General,,1,0
2/23/16,16:58:56,R,Before,RepTomGraves,"Moving terrorists held at #Gitmo to US puts Americans at risk. That's why Congress passed legislation making it illegal, which @POTUS signed",General-Guantanamo ,,1,0
7/15/16,15:35:48,R,Before,RepRobWoodall,"Following the attack on #Nice, we mourn for the victims &amp; pray for families. We must pursue the defeat of terrorists wherever we find them.",France Attacks,,1,0
9/21/16,15:53:09,R,Before,RepBuddyCarter,Just spoke with @GeorgeColli about @HouseHomeland hearing on preventing terror attacks from a local perspective. https://t.co/YogZC2PqQf,General,,1,0
7/15/16,15:59:24,R,Before,CongressmanHice,Our hearts are heavy as we pray for the victims of the heinous #NiceAttack. This tragedy reminds us that terrorism must be defeated.,France Attacks,,1,0
9/29/15,14:40:43,R,Before,RepLoudermilk,Press Conference to announce the findings of the Task Force on Combating Terrorism and Foreign Fighter Travel at 11: http://t.co/oG7XTgx935,General,,1,0
7/14/15,19:27:27,R,Before,RepLoudermilk,Under no circumstances should the U.S. negotiate with terrorists who have repeatedly shown they cannot be trusted. http://t.co/BGAYWU9kTw,General-Iran,,1,0
7/15/16,14:43:14,R,Before,RepRickAllen,The world is in mourning. Another senseless &amp; horrific attack by radical terrorists who seek to destroy us at all costs. #PrayForNice,France Attacks,,1,0
7/15/16,19:22:05,R,Before,RepRodBlum,Heartfelt condolences to victims and their families in Nice. We must always remain vigilant in the face of terrorism.,France Attacks,,1,0
7/15/16,14:54:35,R,Before,RepHultgren,...Independence Day with families &amp; friends. We stand with you against terrorism. We mourn with you the loss of your loved ones. (2/2),France Attacks,,1,0
7/15/16,11:17:02,R,Before,RepWalorski,"As we mourn those killed in the horrific attack in Nice, including two Americans, we stand strong with the people of France against terror.",France Attacks,,1,0
2/23/16,16:08:54,R,Before,RepWalorski,Closing #GITMO &amp; putting terrorists on American soil is one of the worst ideas a president could propose.,General-Guantanamo ,,1,0
9/29/15,20:38:29,R,Before,RepWalorski,#NotOneCent for Iran until they compensate the victims of its state-sponsored terrorism http://t.co/XQV8DdOvMO,General-Iran,,1,0
7/15/16,15:39:39,R,Before,RepLarryBucshon,"My statement on the terrorist attack in Nice, France: https://t.co/xOOmPzXm1R. https://t.co/ns2Rbou2Et",France Attacks,,1,0
7/15/16,15:37:07,R,Before,SenToddYoung,We consider #Nice an attack on all of us &amp; are prepared to use every instrument of nat'l power to end the terrorization of civilized people.,France Attacks,,1,0
6/10/16,17:57:23,R,Before,SenToddYoung,"1 year post-Obama's nuclear deal, largest state sponsor of terror Iran's military budget increased by 90%...https://t.co/qWVbC0CVi7",General-Iran,,1,0
7/15/16,1:24:57,R,Before,JerryMoran,"Deeply saddened by attack in Nice, France tonight. We must provide our intel &amp; law enforcement agencies the tools needed to stop terrorists.",France Attacks,,1,0
7/15/16,3:31:44,R,Before,RepHuizenga,What a horrible tragedy (and likely terrorist attack) that has hit our friends and allies in #NiceFrance. Praying for all of the victims.,France Attacks,,1,0
11/30/15,13:21:46,R,Before,RepMikeRogers,"Fighting ISIS is no longer about Syria and Iraq, it's about preventing terrorism around the world. #STTA https://t.co/pwhfY1FtUh",General-Islamic,,1,0
7/24/13,13:28:08,R,Before,RepMikeRogers,"@WSJ : Defunding NSA would ""return to a pre-9/11 mindset of treating terrorists like street burglars"" http://t.co/av2OPpUy4i",General,,1,0
7/24/13,12:01:19,R,Before,RepMikeRogers,TUNE IN: @mibigshow at 8:06 this morning to discuss the importance of our National Security Agency's anti-terror programs.,General,,1,0
5/18/12,14:00:10,R,Before,RepMikeRogers,U.S. Justice Dept urges terror label for Nigerian militants http://t.co/I2ZPlRHF,General,,1,0
7/15/16,14:22:29,R,Before,RepWalberg,A dark day for our ally France after yet another horrific act of terror. Praying for the victims and their families. https://t.co/IUPqqEqHqO,France Attacks,,1,0
5/21/14,13:21:25,R,Before,petehoekstra,@TheIPT #Islamist #Terror Watchdog in @nytimes: Radical #Jihadists Engaged in Stealth Campaign to Silence Free Speech http://t.co/Uka2cKvx1c,General-Islamic,,1,0
4/19/13,18:27:01,R,Before,petehoekstra,INITIAL reports on background of Boston terrorists raises multiple red flags of concern.,Inside,,1,0
2/23/16,16:24:32,R,Before,repjohnkline,Transferring known terrorists to U.S. soil is dangerous. I will continue to fight against such a move that would weaken our nat'l security.,General,,1,0
9/29/15,22:18:52,R,Before,RepErikPaulsen,#Notonecent to Iran until they pay the victims of their terror. $43 billion still needs to be paid.  http://t.co/mRw3s7u0m5,General-Iran,,1,0
6/10/16,0:21:00,R,Before,MicheleBachmann,"US taxpayers paid $1.7 billion of Iran's 2017 military budget!  Terrorist financing, which is blatantly criminal. 
https://t.co/cpiKTW35ie",General-Iran,,1,0
11/30/15,16:19:05,R,Before,MicheleBachmann,"Bringing terrorists 'out of the shadows?'
https://t.co/u2b0weVsvr",General,,1,0
7/15/16,0:55:44,R,Before,RepAnnWagner,"Death toll over 75. As we pray for #Nice we must all, as a united and free people, steel our resolve to destroy terrorism across the globe.",France Attacks,,1,0
2/23/16,16:33:29,R,Before,RepRyanZinke,"Obama‚Äôs plan to bring terrorists to US soil is absurd, illegal &amp; falls short of the conduct of Commander in Chief https://t.co/KOwTVziwen",General,,1,0
9/29/15,12:52:23,R,Before,RepDavidRouzer,Joined 33 colleagues to write Sec Carter re:reports of altered #ISIS intel reports from senior level #DoD staff on #Syria antiterror efforts,General-Islamic,,1,0
7/14/15,19:42:13,R,Before,RepDavidRouzer,Rolling back sanctions on Iran means they will have more money to fund acts of terrorism and build nuclear weapons.  http://t.co/Xr5uPK9nUJ,General-Iran,,1,0
11/30/15,18:53:40,R,Before,RepHolding,"Iran continues to promote terror throughout the world ‚Äì and according to the New York Times, more aggressively... https://t.co/E0aW5UdCKR",General-Iran,,1,0
9/21/16,22:28:19,R,Before,PatrickMcHenry,Proud to vote FOR my friend @RepPoliquin's bill to limit #Iran's financing of terror which just passed. LEARN MORE-&gt; https://t.co/UeFsWMF2RO https://t.co/Eb1ev8KhRz,General-Iran,,1,0
7/15/16,0:29:37,R,Before,RepReneeEllmers,Angered &amp; saddened by news of #BastilleDay terrorist attack in #Nice. Standing with &amp; praying for #France tonight. https://t.co/4YjILpuR8w,France Attacks,,1,0
2/23/16,18:48:48,R,Before,virginiafoxx,Bringing dangerous terrorists to the American homeland has been consistently rejected by bipartisan majorities in Congress.,General,,1,0
7/15/16,14:23:08,R,Before,RepAdrianSmith,"With our French allies reeling from another horrific attack, we must stand together against the evil of terrorism in our world. #PrayForNice",France Attacks,,1,0
7/15/16,15:16:28,R,Before,JeffFortenberry,"As the world mourns the victims of yet another horrific act of terror, we stand today in solidarity with the French. #NiceAttack",France Attacks,,1,0
2/23/16,22:10:42,R,Before,RepFrankGuinta,"Spanish arrest former #Guantanamo detainee on terror charges, same day Admin presents plan to close military prison https://t.co/4hILpRnKjJ",General-Guantanamo ,,1,0
7/14/15,21:23:15,R,Before,RepFrankGuinta,"I'm concerned the #IranDeal relieves #economic #sanctions with very little in return, which could result in increased #terrorist activity.",General-Iran,,1,0
7/15/16,1:45:41,R,Before,RepLanceNJ7,America stands united with our ally France in what appears to be another horrific act of terror. We pray for the victims &amp; their loved ones.,France Attacks,,1,0
7/18/12,23:12:13,R,Before,RepLanceNJ7,Heidi &amp; I send our thoughts &amp; prayers to the families of the Israeli tourists who were targets of today‚Äôs #Bulgaria bus terror attack.,General,,1,0
9/21/16,15:38:39,R,Before,RepTomMacArthur,Happening now: House Armed Services Committee Hearing on the rise of Islamic terror 15 years after 9/11 #NJ03 #NationalSecurity https://t.co/CW6DthwFFy,General-Islamic,,1,0
9/29/15,13:58:21,R,Before,RepTomMacArthur,Shouldn't we all agree #NotOneCent for Iran until they compensate the victims of its state-sponsored terrorism?,General-Iran,,1,0
9/21/16,22:53:58,R,Before,RepGarrett,House passed Community Counterterrorism Preparedness Act to provide additional training for first responders to prepare for terrorism,General,,1,0
7/15/16,14:51:41,R,Before,RepStevePearce,Nice death toll now 84 - saddened about this cowardly act of terror. Prayers are w/ those that lost their loved ones https://t.co/ekG6ODPjZM,France Attacks,,1,0
7/15/16,12:18:41,R,Before,RepPeteKing,We stand w France &amp; pray 4 victims of terror attack in Nice. America &amp; civilized world must destroy Islamist terror &amp; never drop our guard.,France Attacks,,1,0
4/19/13,12:20:32,R,Before,RepPeteKing,Praying that the 2nd terrorist in Boston will be stopped with no more casualties to police or innocent bystanders,Inside,,1,0
4/19/13,10:15:31,R,Before,RepPeteKing,Monitoring all night outstanding &amp; courageous work by FBI &amp; local police in tracking down terrorist murderers,General,,1,0
9/25/12,16:12:14,R,Before,RepPeteKing,Joining with West Babylon based Christian Assn of Nigerian-Americans to designate Boko Haram as Foreign Terrorist Org: http://t.co/eb10OPuq,General-Islamic,,1,0
7/5/16,22:26:11,R,Before,RepDanDonovan,"This week, the House takes action on fighting terrorism at home and abroad to keep Americans safe.",General,,1,0
7/15/16,1:21:34,R,Before,RepLeeZeldin,"Beyond mourning, we must renew our commitment to eliminate this rising terror threat. https://t.co/3RXs0qvp5i",France Attacks,,1,0
7/15/16,0:19:17,R,Before,RepDaveJoyce,Another terror attack in France. Sickened by it. It is one more act of terrorism taking more innocent lives. It needs to stop. #PrayForNice,France Attacks,,1,0
2/23/16,21:17:16,R,Before,RepDaveJoyce,"I want to stop terrorists from entering the USA, not not bring them here. What do you think - should we close GITMO?",General-Guantanamo ,,1,0
2/23/16,18:01:22,R,Before,RepDaveJoyce,"Tonight I will be voting in support of H.R. 4408, the National Strategy to Combat Terrorist Travel Act of 2016:  https://t.co/1v3WcQLEUf",General,,1,0
7/15/16,0:25:04,R,Before,RepBobGibbs,Terrible and sickening images of apparent terrorism out of France tonight. We must defeat this evil. #PrayForFrance,France Attacks,,1,0
7/15/16,13:18:07,R,Before,RepBradWenstrup,"Praying for the victims of the Nice terror attack. Praying, too, that good people on earth rise together to eliminate this scourge of evil.",France Attacks,,1,0
7/14/15,14:13:48,R,Before,RepBradWenstrup,"Since 1979, Iran has seldom acted in good faith, &amp; is the world‚Äôs largest state sponsor of terror. Today‚Äôs #IranDeal sounds like a bad deal.",General-Iran,,1,0
7/15/16,14:07:28,R,Before,boblatta,My heart breaks for the French people. We must stay united against forces that wish to inflict pain and terror on innocent people.,France Attacks,,1,0
7/5/16,15:36:45,R,Before,Jim_Jordan,Reps. Babin and Meadows: To fight terror we must begin by securing our homeland - Fox News - https://t.co/nHSkMvf7qC,General,,1,0
2/23/16,15:30:10,R,Before,RepJBridenstine,Obama wants to spend half-a-billion to violate a law he signed in December and bring terrorists into the U.S. #GITMO https://t.co/QvnjD79KAT,General-Guantanamo ,,1,0
7/14/15,19:16:31,R,Before,RepLouBarletta,"Concessions to #Iran create recipe for cheating. Too much notice for inspections, time to grow economy, fund terror. http://t.co/0ZO0kYwwBK",General-Iran,,1,0
7/15/16,0:33:39,R,Before,RepTomMarino,I am sickened by the news of yet another terrorist attack. My prayers are with France and all of the victims. This must stop. #PrayForNice,France Attacks,,1,0
9/29/15,21:39:40,R,Before,RepTomMarino,"Proud cosponsor of @RepMeehan's, Justice for Victims of Iranian Terrorism Act -Ensures #NotOneCent of $43.5B in sanctions relief for #Iran",General-Iran,,1,0
7/14/15,18:55:39,R,Before,RepFitzpatrick,Let's not forget: #Iran is the world's leading state sponsor of terror. http://t.co/c0lMOUL2Ri http://t.co/4c78mLbT3P,General-Iran,,1,0
7/14/15,13:27:15,R,Before,RepFitzpatrick,"Nxt wk, the Task Force to Investigate Terrorism Financing will take a closer look at Iran‚Äôs role in financing terror groups around the world",General-Iran,,1,0
7/14/15,13:26:19,R,Before,RepFitzpatrick,And have unapologetically continued their state sponsorship of terrorism.,General-Iran,,1,0
7/15/16,2:03:36,R,Before,RepBillShuster,We stand shoulder to shoulder with our friend and ally France in the face of what appears to be another horrific act of terror. #NiceFrance,France Attacks,,1,0
2/23/16,21:22:01,R,Before,RepBillShuster,"Obama has been trying to transfer terrorists to the US for 7 yrs. You better believe I will continue to fight this. 
https://t.co/e1248x0iLM",General,,1,0
11/30/15,19:32:39,R,Before,MikeKellyPA,"Pres. Obama says #ParisClimateConference will be a ""powerful rebuke"" to #ISIS terrorists. A more powerful rebuke? Deadly American-led force.",General-Islamic,,1,0
7/14/15,21:05:54,R,Before,MikeKellyPA,"Obama's #IranDeal leaves #Iran newly emboldened, wrongly legitimized, and ominously free to keep sponsoring terror. http://t.co/KB7WzDtYUu",General-Iran,,1,0
7/15/16,13:37:49,R,Before,RepTomRice,Sickened to wake to the news of yet another terror attack. I stand with France against radical terrorists who threaten our freedoms.,France Attacks,,1,0
2/23/16,17:49:27,R,Before,TGowdySC,"President Obama‚Äôs plan to relocate dangerous terrorists to United States soil is not only reckless, but against the law.",General-Guantanamo ,,1,0
7/15/16,14:57:31,R,Before,RepJoeWilson,Yesterday‚Äôs terror attack in Nice is another somber reminder that we are in a Global War on Terrorism https://t.co/PpAUg4HvCZ #PrayForNice,France Attacks,,1,0
2/23/16,17:46:25,R,Before,RepJoeWilson,Administration's own #s say 30% of terrorists released from #Guantanamo return to terrorism. See this article: https://t.co/zdBMkfTAXk,General-Guantanamo ,,1,0
2/23/16,16:00:56,R,Before,RepJoeWilson,I've visited #Guantanamo. That is where we should house these terrorists--not a domestic location near our schools and homes.,General-Guantanamo ,,1,0
2/23/16,15:47:30,R,Before,RepJoeWilson,"#Guantanamo holds the most dangerous terrorists.They should not be held at the Charleston Naval Brig‚Äînext to schools, neighborhoods, &amp;ports.",General-Guantanamo ,,1,0
2/23/16,15:43:32,R,Before,RepJoeWilson,".@POTUS' dangerous proposal to close #Guantanamo and transfer terrorists to locations in the US, potentially South Carolina, is unlawful.",General-Guantanamo ,,1,0
6/5/13,19:40:57,R,Before,RepJoeWilson,Victims of #FortHood &amp; #LittleRock shootings should receive #PurpleHeart. Lives taken by terrorists deserve honor &amp; recognition #FY14NDAA,Inside,Latino,1,1
7/15/16,18:46:39,R,Before,DesJarlaisTN04,My thoughts and prayers go out to Nice and all those who have been affected by this act of terror.,France Attacks,,1,0
2/23/16,15:48:46,R,Before,DesJarlaisTN04,"We should not be giving terrorists the same due process afforded to American citizens. #Gitmo
#Guantanamo @FoxNews https://t.co/Dx88kZtO2d",General-Guantanamo ,,1,0
2/23/16,20:25:16,R,Before,RepBrianBabin,Last week @POTUS ignored deadline for plan to defeat ISIS &amp; instead offers terrible idea to bring terrorists to U.S. https://t.co/Z8dcCLZHf8,General-Islamic,,1,0
7/14/15,17:27:07,R,Before,RepBrianBabin,"President has made a ""deal"" w/ a terrorist regime that regularly chants death to America, burns our flag &amp; has killed hundreds of Americans.",General-Iran,,1,0
7/15/16,14:13:02,R,Before,RepRWilliams,"Islamic terrorists know no borders, whether they target our allies abroad or our communities here, at home",General-Islamic,,1,0
7/15/16,1:56:14,R,Before,RepRWilliams,"My heart goes out again to France, our oldest friend, which has suffered another immense loss of life at the hands of another terrorist",France Attacks,,1,0
7/15/16,14:47:20,R,Before,michaelcburgess,The U.S. stands in solidarity with our longest ally France as they mourn those lives lost in the devestating terror attack in #Nice,France Attacks,,1,0
2/23/16,16:12:05,R,Before,TXRandy14,Closing Gitmo and transferring these dangerous terrorists to United States soil is a terrible and illogical idea. https://t.co/QIsr778Kcw,General-Guantanamo ,,1,0
7/5/16,22:37:42,R,Before,RepMcCaul,Let's call our enemy what it is: radical Islamist terrorism. New @GOPLeader bill forces admin to do exactly that: https://t.co/fjJ9reMdb1,General-Islamic,,1,0
11/25/15,15:17:21,R,Before,RepKevinBrady,Brady: Combating terrorism and foreign fighter travel https://t.co/KplwlnB0al via @ScoopHouston,General,,1,0
9/21/16,14:33:34,R,Before,RepRatcliffe,WATCH LIVE as we discuss how to ensure local police are properly equipped to protect our communities in the face of terrorist attacks. https://t.co/xIIxrQtiHB,General,,1,0
7/15/16,15:03:37,R,Before,SamsPressShop,I pray for all the families &amp; friends who were affected in the terrorist attack in Nice. Our hearts are heavy as we #StandWithNice,France Attacks,,1,0
7/15/16,14:27:15,R,Before,JudgeTedPoe,"Last night, a cowardly terrorist plowed a heavy truck full of weapons and explosives into the crowds who were... https://t.co/yhn9lVlNnc",France Attacks,,1,0
11/30/15,16:51:35,R,Before,JudgeTedPoe,"Today's Terrorism Update: 
The U.S. embassy in Kabul warned today of an imminent attack in the Afghan capital,... https://t.co/Ho7KUlO6R0",General-Islamic,,1,0
10/29/15,13:48:24,R,Before,JudgeTedPoe,"Today's Terrorism Update:
Pentagon officials announced today that Ahmed Ould Abdel Aziz, a detainee at the... https://t.co/3WrqknKySJ",General-Islamic,,1,0
9/29/15,13:43:41,R,Before,JudgeTedPoe,"Today's Terrorism Update:
The U.S. military launched an airstrike this morning in Kunduz to help clear the way... http://t.co/dAhlO5Vwys",General-Islamic,,1,0
7/14/15,22:06:00,R,Before,JudgeTedPoe,"Today's #TerrorismUpdate:
http://t.co/CT0gN9tUbZ",General-Islamic,,1,0
10/22/14,20:15:37,R,Before,JudgeTedPoe,Check out my latest op-ed on http://t.co/zRKdDviN2O about how illegal poaching is funding terrorism.... http://t.co/qpuU1RtF6C,General-Islamic,,1,0
2/23/16,17:27:21,R,Before,RepChrisStewart,The President is delusional if he thinks we in Congress will agree to bring terrorists into the United States. #utpol #Guantanamo,General-Guantanamo ,,1,0
11/30/15,23:10:26,R,Before,RepChrisStewart,I'll be on @cspan tomorrow morning discussing terrorism at 7:45-8:30am ET. Make sure to watch &amp; call in w/ yours questions! #utpol @cspanwj,General,,1,0
7/15/16,13:59:23,R,Before,RepDaveBrat,New details are emerging about the terrorists responsible for the #BastilleDay attack that left at least 84 people https://t.co/Jd10dcVkPA,France Attacks,,1,0
7/5/16,15:50:31,R,Before,RepDaveBrat,Good piece by my @freedomcaucus colleagues @RepBrianBabin &amp; @RepMarkMeadows on securing the Homeland to fight terror https://t.co/2K1qsFrwZg,General,,1,0
7/5/16,16:49:40,R,Before,RepScottRigell,Humbling. Thx @daily_press for supporting #TerroristFirearmsPrevention Act. https://t.co/Q98WGArxlZ,General,,1,0
9/29/15,18:32:05,R,Before,RepScottRigell,Proud of my friend @RepMeehan! #NotOneCent in sanctions relief until Iranian terror victims get their compensation. https://t.co/tawoRrk6jH,General-Iran,,1,0
7/14/15,22:57:01,R,Before,EricCantor,We must not forget the expanded ability Iran will have to fund terrorist groups once sanctions are lifted ¬ª http://t.co/tc8xLoEoFb #IranDeal,General-Iran,,1,0
7/14/15,22:48:34,R,Before,EricCantor,We must not forget that Iran is the leading state sponsor of terrorism ¬ª http://t.co/tc8xLoEoFb #IranDeal #NeverForget,General-Iran,,1,0
7/15/16,15:49:40,R,Before,Randy_Forbes,We grieve with France. We stand with France against terrorists who attack the very ideals of freedom we stand for. https://t.co/ZRh9VFTyZO,France Attacks,,1,0
9/29/15,15:26:11,R,Before,RepRibble,#Iran shouldn't get $100 billion in sanctions relief--victims of its terrorism still await compensation. #NotOneCent https://t.co/BbFLTi8Tq3,General-Iran,,1,0
7/15/16,1:52:50,R,Before,RepAlexMooney,My thoughts &amp; prayers are with those in #Nice tonight. These senseless acts of terrorism around the world must stop. https://t.co/ZvqilOW1l6,France Attacks,,1,0
7/15/16,14:57:58,R,Before,RepMcKinley,Terrorism will never shake the foundation of freedom loving countries. #NiceFrance,France Attacks,,1,0
7/15/16,6:00:00,R,Before,lisamurkowski,"Shocked &amp; horrified at what appears to be a horrific terrorist attack in Nice, France. Prayers to the victims &amp; all affected by the tragedy.",France Attacks,,1,0
2/23/16,6:00:00,R,Before,SenShelby,.@POTUS' plan to close Guantanamo &amp; move radical terrorists onto U.S. soil is imprudent &amp; reckless: https://t.co/oHE2w1r5xP,General-Guantanamo ,,1,0
7/15/16,6:00:00,R,Before,JohnBoozman,Our prayers go out to the people of France after yet another horrific terror attack. We must be united against terror. We stand with #France,France Attacks,,1,0
7/15/16,6:00:00,R,Before,SenCoryGardner,Sickened by another apparent terrorist attack in Europe. The U.S. stands shoulder to shoulder with the people of France.,France Attacks,,1,0
2/23/16,6:00:00,R,Before,SenCoryGardner,I spoke with @NPR about @POTUS' reckless plan to move #GTMO terrorists to the U.S.: https://t.co/pMoyUjUBzA,General-Guantanamo ,,1,0
2/23/16,6:00:00,R,Before,SenCoryGardner,Moving #GTMO terrorists to the U.S. is a grave threat to Colorado and our national security: https://t.co/UUy9NgBsRk,General-Guantanamo ,,1,0
7/14/15,6:00:00,R,Before,SenCoryGardner,"Iran sponsors terror worldwide. Against America, Israel, others. What will they do with billions in sanctions relief? With no arms embargo?",General-Iran,,1,0
7/14/15,6:00:00,R,Before,SenCoryGardner,Sanctions relief in this deal would give Iran billions to pour directly into their network of international terrorist organizations.,General-Iran,,1,0
7/14/15,6:00:00,R,Before,SenCoryGardner,"Deal lifts the arms embargo against Iran, the world's largest state sponsor of terror. And the more detail we learn, the worse it seems.",General-Iran,,1,0
2/23/16,6:00:00,R,Before,sendavidperdue,Americans will not stand the thought of placing terrorists on U.S. soil. #GITMO https://t.co/KEt7DAPcID https://t.co/YQcVDkPieR,General-Iran,,1,0
2/23/16,6:00:00,R,Before,SenatorKirk,I join my colleagues @senatortimscott @senpatroberts @sencorygardner in defending #US from accepting #Gitmo terrorists into our backyards,General-Guantanamo ,,1,0
2/23/16,6:00:00,R,Before,SenatorKirk,American taxpayers have spent more than $5b to keep #Gitmo terrorists behind bars and off the battlefield ‚Äö√Ñ√¨ that‚Äö√Ñ√¥s where they should stay.,General-Guantanamo ,,1,0
2/18/16,6:00:00,R,Before,SenatorKirk,Admin released top bin Laden confidant to #Sudan &amp; he rejoined terrorist fight. This is why we must #KeepGitmoOpen https://t.co/4tEJbUGQK9,General-Islamic,,1,0
7/15/16,6:00:00,R,Before,SenDanCoats,The civilized world must come together to defeat the spreading cancer of indiscriminate murder through acts of terrorism,General,,1,0
7/15/16,6:00:00,R,Before,SenDanCoats,Terrorism has hit France yet again. Our condolences go out to the French people,France Attacks,,1,0
2/23/16,6:00:00,R,Before,SenDanCoats,"There is strong, bipartisan opposition in Congress to bringing terrorists from Guantanamo to American soil",General-Guantanamo ,,1,0
2/23/16,6:00:00,R,Before,SenDanCoats,"For years, the facility at Guantanamo Bay has been a valuable tool in our counterterrorism efforts",General-Guantanamo ,,1,0
11/30/15,6:00:00,R,Before,SenDanCoats,I spoke with @wolfblitzer about reports that a Paris terror attack suspect may be in Syria https://t.co/bM0zwDG92n,France Attacks,,1,0
11/30/15,6:00:00,R,Before,SenDanCoats,I spoke with @wolfblitzer on @CNN about new terrorist threats https://t.co/yO1muYF5wA,France Attacks,,1,0
10/22/14,6:00:00,R,Before,SenDanCoats,I wrote an op-ed in today's @USATODAY: Don't take away anti-terror tools http://t.co/UlVdXriwT8,France Attacks,,1,0
6/10/16,6:00:00,R,Before,SenateMajLdr,#Obama doesn‚Äö√Ñ√¥t like bipartisan prohibitions on transferring hardcore terrorists from #Guantanamo to America. https://t.co/8Nbf0QzBYS,General-Guantanamo ,,1,0
2/23/16,6:00:00,R,Before,SenateMajLdr,"Despite @POTUS' plan, moving #Gitmo terrorists to U.S. communities is wrong and illegal. https://t.co/zQUgHVuRw8 https://t.co/uxWo0RxPXn",General-Guantanamo ,,1,0
2/23/16,6:00:00,R,Before,SenateMajLdr,.@POTUS would like to detain #Gitmo terrorists in the US despite the fact that it would be illegal under current law to do so. #Guantanamo,General-Guantanamo ,,1,0
2/23/16,6:00:00,R,Before,SenateMajLdr,Who are the #Guantanamo terrorists that @POTUS wants to import to the US? #Gitmo https://t.co/oPPao0FxfP,General-Guantanamo ,,1,0
7/14/15,6:00:00,R,Before,SenateMajLdr,The #Senate must now weigh why a #nuclear agreement = reduced pressure on the world's leading state sponsor of terror. #IranDeal,General-Iran,,1,0
2/23/16,6:00:00,R,Before,SenThadCochran,Bipartisan prohibitions on transferring #GITMO terrorist detainees to the US won't be set aside any time soon. https://t.co/pdwuJ35tIX,General-Guantanamo ,,1,0
7/15/16,6:00:00,R,Before,SenThomTillis,"My full statement on the horrific #BastilleDay terrorist attack in Nice, France. #PrayForNice https://t.co/jOwHGizsLO",France Attacks,,1,0
2/23/16,6:00:00,R,Before,SenThomTillis,The Obama admin's transfer of terrorists from #Gitmo to other countries has proven to be an unmitigated disaster. https://t.co/mPvoM2ncRJ,General-Guantanamo ,,1,0
7/14/15,6:00:00,R,Before,SenThomTillis,"List of concessions to Iran include: no snap inspections, no resolution of weaponization activities, no dismantling of Iran terror network.",General-Iran,,1,0
7/15/16,6:00:00,R,Before,SenatorBurr,We are at war with terrorists who have the intent and capability to kill innocent people across the globe. #NiceAttack,France Attacks,,1,0
7/15/16,6:00:00,R,Before,SenatorBurr,My statement on the terror attack in #Nice https://t.co/q1xMZWIKYd,France Attacks,,1,0
2/23/16,6:00:00,R,Before,SenatorBurr,"Recently, we learned that one of the former prisoners at #Gitmo is back fighting for Al-Qaeda's terrorist agenda.",General-Guantanamo ,,1,0
2/23/16,6:00:00,R,Before,JimInhofe,Bringing these terrorists from Gitmo to the U.S. will endanger any community that will house them. https://t.co/jlyLcH28U6,General-Guantanamo ,,1,0
7/15/16,6:00:00,R,Before,SenatorLankford,"What has changed over the last year in Iran being the largest state sponsor of terrorism? 

Director of National Intelligence: ""Nothing.""",General-Iran,,1,0
7/15/16,6:00:00,R,Before,SenatorLankford,"My heart breaks for yet another barbaric murder of so many people in France, 8 months after Paris. #PrayforNice Terror will never win.",France Attacks,,1,0
7/14/15,6:00:00,R,Before,SenatorLankford,"I remain hopeful for a diplomatic solution, but #Iran is world‚Äö√Ñ√¥s largest state-sponsor of terrorism. This is impossible to ignore. #IranDeal",General-Iran,,1,0
7/15/16,6:00:00,R,Before,SenToomey,Sen. Toomey Releases Statement on Terrorist Attack in #NiceFrance https://t.co/GvJoPh8qvM,France Attacks,,1,0
2/23/16,6:00:00,R,Before,SenToomey,The fact is @POTUS has signed multiple bills prohibiting the transfer of dangerous terrorists to U.S. soil. #Gitmo,General-Guantanamo ,,1,0
7/14/15,6:00:00,R,Before,SenToomey,‚Äö√Ñ¬∂for terrorism while ushering in a nuclear arms race throughout the Middle East. 3/3,General,,1,0
2/23/16,6:00:00,R,Before,SenJohnThune,President Obama is putting American communities at risk with his plan to close #Gitmo &amp; move terrorists stateside. https://t.co/IUbf3RMNOl,General-Guantanamo ,,1,0
7/15/16,6:00:00,R,Before,SenBobCorker,We are heartbroken by the senseless terror attack in Nice that took the lives of so many people. #PrayForNice https://t.co/YuSTbKMkIW,France Attacks,,1,0
5/21/14,6:00:00,R,Before,SenBobCorker,#SFRC hearing today at 10:00 a.m. ET on the 2001 #AUMF &amp; the evolving threat of terrorism: http://t.co/Ay1KZ8x97x http://t.co/8CNZ2s5FAe,General,,1,0
7/15/16,6:00:00,R,Before,SenRonJohnson,Johnson Statement on Terrorist Attack in Nice https://t.co/HXo4Awo2FL,France Attacks,,1,0
7/15/16,10:21:10,R,Before,RepHartzler,"The horror of yesterday's #NiceAttack remind us terrorists will use trucks, guns, &amp; bombs to kill. Bans aren't answer; resolve &amp; plan are.",France Attacks,,1,0
7/15/16,17:06:51,D,Before,NormaJTorres,Keeping #Nice in my thoughts. Messages from around the globe of unity &amp; grief give me hope that humanity will prevail over terror.,France Attacks,,1,0
5/21/14,22:02:01,D,Before,RepBera,Took part in Foreign Affairs hearing today on brutal terrorist group Boko Haram. U.S. must do all it can to help #BringBackOurGirls,General-Islamic,,1,0
7/15/16,15:30:18,D,Before,gracenapolitano,"Our prayers are once again with the people of France today, following last night's horrific terror attack in Nice. https://t.co/FCanegaA8g",France Attacks,,1,0
11/30/15,15:16:33,D,Before,BradSherman,"I was on @MSNBC discussing #terrorism, #Russia, #Turkey, #SyrianRefugees, and combating #ISIS https://t.co/OAjqHEFdJ7",General-Islamic,,1,0
2/23/16,16:58:07,D,Before,RepAdamSchiff,"We have a proven and effective alternative in our federal courts, which have consistently disposed of our most serious terrorism cases.",General,,1,0
2/23/16,16:56:33,D,Before,RepAdamSchiff,"Continued operation of #GTMO damages our 'intnl standing, provides propaganda tool for terror &amp; costs 100s of millions of dollars each year.",General-Guantanamo ,,1,0
7/14/15,13:46:10,D,Before,RepAdamSchiff,"... to back the Houthi rebels in Yemen, to its unrelenting hostility to Israel and its support of terror around the world.",General-Iran,,1,0
7/15/16,2:03:04,D,Before,RepMcNerney,"Thinking about the ppl of Nice, another community shaken by senseless violence &amp; apparent terrorism. #PrayForNice https://t.co/n5rSdK8ZZi",France Attacks,,1,0
7/15/16,16:03:36,D,Before,RepPerlmutter,America grieves with France &amp; the people of Nice. We will continue to stand together &amp; fight terrorism. Liberty will endure. #PrayForNice,France Attacks,,1,0
7/15/16,2:42:59,D,Before,rosadelauro,My thoughts and prayers tonight are with the people of France. The horrific attack on Nice only strengthens our resolve against terrorism.,France Attacks,,1,0
7/15/16,1:01:22,D,Before,RepHastingsFL,"My statement on the terrorist attack in Nice, France: https://t.co/DJG1yviqAF  #PrayForNice",France Attacks,,1,0
7/15/16,0:49:57,D,Before,RepBillFoster,We stand in solidarity with the French people as they respond to the horrific terrorist attack in Nice. #FranceAttack #PrayForNice,France Attacks,,1,0
7/15/16,3:37:14,D,Before,RepAndreCarson,"Horrible news out of Nice, #BastilleDay attack kills dozens. We stand w/France in the fight against terror &amp; send love to their community",France Attacks,,1,0
7/24/13,17:23:12,D,Before,RepAndreCarson,@RCDefense Q wasn't suggesting pivot is shift in war on terror. Rather to highlight possible perception in S.E. Asia that we should counter.,General,,1,0
4/19/13,13:31:59,D,Before,RepAndreCarson,"The people of Boston, and our nation as a whole, stand together in defiance of terror. http://t.co/IGkGtGxv7P",Inside,,1,0
7/15/16,13:24:33,D,Before,RepStephenLynch,"For an area that experienced terrorist attack by shooter who pledged allegiance to Islamic State, lack of assistance merits re-examination.",Inside,Other,1,1
7/15/16,13:21:42,D,Before,RepStephenLynch,"Given importance of these grants to anti-terrorism preparedness &amp;response, it's imperative we conduct meaningful oversight of the program",Inside,Other,1,1
7/15/16,13:18:30,D,Before,RepStephenLynch,The purpose of the Urban Area Security Initiative is to assist cities in their anti-terrorism preparedness and response efforts.,Inside,Other,1,1
7/15/16,13:17:55,D,Before,RepStephenLynch,Thanks to our witnesses for dedicated public service in the wake of the devastating terrorist attack and mass shooting at Pulse Nightclub,Inside,Other,1,1
7/15/16,13:17:31,D,Before,RepStephenLynch,"Before we begin, our thoughts and prayers go out to all of the victims and their families in last night's horrific terrorist attack in #Nice",France Attacks,,1,0
7/15/16,1:23:07,D,Before,RepJeffries,"The terrorists seek to break our spirit, but we will not be broken #PrayForNice https://t.co/uYfXSM9pDa",France Attacks,,1,0
7/15/16,15:54:57,D,Before,NitaLowey,"My prayers are with the victims of yesterday‚Äôs appalling attack in #Nice, which appears to be an act of terrorism, and their families.",France Attacks,,1,0
9/21/16,14:48:27,D,Before,RepKathleenRice,Happening now: Homeland Security hearing on preventing terrorist attacks in the U.S. Watch it here: https://t.co/ci8csGhg6g,General,,1,0
7/15/16,3:05:52,D,Before,repjimcooper,Another terrible day in France. We mourn so many innocent lives lost. We must stop these awful terrorist attacks and those behind them.,France Attacks,,1,0
5/21/14,22:34:39,D,Before,Jim_Moran,DOD‚Äôs Quadrennial Def. Review stated threat of climate change a serious nat'l security vulnerability that could enable terrorist activity.,General,,1,0
11/30/15,20:51:37,D,Before,RepGwenMoore,Thanks to the abortion providers/clinic staff who serve their communities despite personal threats/acts of terrorism https://t.co/dMmz7SMSIv,General,White,1,0
11/30/15,6:00:00,D,Before,SenatorReid,"In wake of domestic terrorist act, I commend @PPFA for refusing to allow threats and violence to stand in the way of its important work.",Inside,White,1,1
7/15/16,6:00:00,D,Before,SenJackReed,I join all RIers and all Americans in condemning the cowardly terrorist attack in Nice &amp; standing w/ the French people.,France Attacks,,1,0